날짜,종가,오픈,고가,저가,거래량,변동 %
2022년 03월 31일,365.61,364.1,367.01,363.94,388.61M,0.30%
2022년 03월 30일,364.5,366.15,366.76,363.68,139.98K,0.20%
2022년 03월 29일,363.77,364.18,365.56,362.27,132.70M,0.47%
2022년 03월 28일,362.06,360.63,363.25,358.7,136.54M,0.00%
2022년 03월 25일,362.06,364.76,364.92,361.34,119.07M,-0.36%
2022년 03월 24일,363.38,361.83,363.5,360.4,149.35M,-0.40%
2022년 03월 23일,364.84,364.06,366.4,362.89,137.43M,0.88%
2022년 03월 22일,361.66,358.76,362.11,358.61,120.70M,0.81%
2022년 03월 21일,358.77,363.81,363.86,358.41,117.14M,-0.98%
2022년 03월 18일,362.33,361.16,362.78,359.6,155.32M,0.24%
2022년 03월 17일,361.46,362.39,364.18,361.36,172.54M,1.51%
2022년 03월 16일,356.09,354.88,356.29,351.97,125.09M,1.44%
2022년 03월 15일,351.03,352.34,353.9,350.38,149.11M,-1.01%
2022년 03월 14일,354.61,354.72,356.48,352.82,163.91M,-0.20%
2022년 03월 11일,355.31,355.95,356.85,353.26,182.55M,-0.75%
2022년 03월 10일,358.01,354.33,358.27,354.33,212.65M,2.47%
2022년 03월 08일,349.38,348.12,352.82,346.85,185.90M,-1.03%
2022년 03월 07일,353.03,356.59,356.59,351.91,193.16M,-2.39%
2022년 03월 04일,361.69,365.35,365.54,360.19,237.19M,-1.46%
2022년 03월 03일,367.06,364.37,367.4,363.99,167.18M,1.79%
2022년 03월 02일,360.59,361.52,362.81,359.89,170.94M,-0.26%
2022년 02월 28일,361.54,356.59,361.54,355.77,237.32M,0.86%
2022년 02월 25일,358.44,358.79,360.85,357.02,154.97M,0.96%
2022년 02월 24일,355.04,360.05,360.77,354.01,167.28M,-2.58%
2022년 02월 23일,364.44,366.25,366.58,362.39,139.93M,0.26%
2022년 02월 22일,363.51,362.93,364.81,360.74,162.88M,-1.30%
2022년 02월 21일,368.29,362.83,368.75,361.14,109.54M,-0.07%
2022년 02월 18일,368.55,365.57,369.32,364.69,137.05M,-0.27%
2022년 02월 17일,369.55,368.11,373.03,365.48,209.73M,0.61%
2022년 02월 16일,367.3,365.96,367.66,364.64,108.44M,1.91%
2022년 02월 15일,360.43,364.44,364.79,358.75,140.83M,-0.70%
2022년 02월 14일,362.98,364.36,365.97,360.46,146.97M,-1.53%
2022년 02월 11일,368.61,367.54,371.35,366.9,161.47M,-0.80%
2022년 02월 10일,371.57,371.84,372.86,369.3,180.49M,0.79%
2022년 02월 09일,368.65,367.02,368.65,365.79,117.91M,1.42%
2022년 02월 08일,363.48,365.91,367.32,360.78,133.11M,0.15%
2022년 02월 07일,362.92,365.4,365.4,359.59,135.53M,-0.93%
2022년 02월 04일,366.34,363.1,366.79,361.84,109.79M,1.31%
2022년 02월 03일,361.6,364.07,366.13,361.6,125.48M,1.01%
2022년 01월 28일,357.98,350.29,358.84,347.28,146.98M,2.70%
2022년 01월 27일,348.58,360.83,363.11,348.55,158.32M,-3.39%
2022년 01월 26일,360.83,363.72,365.31,360.47,109.34M,-0.43%
2022년 01월 25일,362.39,370.3,370.73,359.85,142.18M,-2.40%
2022년 01월 24일,371.3,374.64,375.45,369.63,112.64M,-1.27%
2022년 01월 21일,376.08,376.74,377.69,373.35,134.24M,-1.13%
2022년 01월 20일,380.39,377.97,380.45,376.49,114.10M,0.58%
2022년 01월 19일,378.21,377.75,381.91,376.74,126.17M,-0.73%
2022년 01월 18일,381.01,385.07,385.63,379.79,127.94M,-0.73%
2022년 01월 17일,383.81,387,387.33,381.56,135.82M,-0.94%
2022년 01월 14일,387.45,389.66,390.81,386.25,146.05M,-1.41%
2022년 01월 13일,393,395.68,395.93,392.52,151.71M,-0.42%
2022년 01월 12일,394.66,392.29,394.87,391.96,210.10M,1.46%
2022년 01월 11일,388.97,388.32,390.43,386.26,133.43M,0.37%
2022년 01월 10일,387.52,389.68,390.24,384.79,139.10M,-0.85%
2022년 01월 07일,390.85,388.3,391.75,388.06,114.28M,1.20%
2022년 01월 06일,386.22,386.59,390.51,385.3,152.39M,-1.07%
2022년 01월 05일,390.39,394.91,395.2,387.56,175.49M,-1.27%
2022년 01월 04일,395.4,396.01,396.71,393.35,117.16M,-0.03%
2022년 01월 03일,395.51,397.16,399.44,394.26,97.58M,0.33%
2021년 12월 30일,394.19,397.13,398.59,393.89,103.89M,-0.64%
2021년 12월 29일,396.72,398.74,399.16,395.85,169.05M,-1.12%
2021년 12월 28일,401.21,399.56,401.21,397.24,169.71M,0.65%
2021년 12월 27일,398.61,400.61,401.07,398.31,103.64M,-0.48%
2021년 12월 24일,400.53,399.72,402.46,399.66,102.50M,0.60%
2021년 12월 23일,398.15,397.98,398.36,395.71,105.28M,0.53%
2021년 12월 22일,396.07,396.82,398.06,394.77,100.31M,0.54%
2021년 12월 21일,393.95,394.35,395.28,391.19,106.00M,0.66%
2021년 12월 20일,391.37,396.42,396.61,390.92,97.27M,-1.90%
2021년 12월 17일,398.96,394.46,399.02,394.26,134.70M,0.32%
2021년 12월 16일,397.68,398.93,399.68,395.19,94.13M,0.51%
2021년 12월 15일,395.66,393.99,395.76,392.85,88.94M,0.06%
2021년 12월 14일,395.41,394.54,397.02,393.5,116.50M,-0.47%
2021년 12월 13일,397.27,399.38,403.37,396.83,113.33M,-0.18%
2021년 12월 10일,397.97,398.21,399.12,396.58,92.72M,-0.79%
2021년 12월 09일,401.13,398.19,401.13,396.93,159.05M,0.97%
2021년 12월 08일,397.27,399.89,402.34,396.32,140.13M,0.24%
2021년 12월 07일,396.31,392.88,396.46,391.29,157.04M,0.88%
2021년 12월 06일,392.85,389.95,394.4,387.58,124.90M,0.23%
2021년 12월 03일,391.96,388.21,393.3,386.42,127.84M,0.60%
2021년 12월 02일,389.64,379.76,389.64,379.59,150.99M,1.70%
2021년 12월 01일,383.13,376.45,384.05,373.61,167.60M,2.65%
2021년 11월 30일,373.24,385.01,386.34,370.86,258.52M,-2.20%
2021년 11월 29일,381.63,381.25,384.97,379.27,178.59M,-0.89%
2021년 11월 26일,385.07,390.61,392.81,384.19,145.77M,-1.75%
2021년 11월 25일,391.93,395.67,395.73,391.69,117.21M,-0.88%
2021년 11월 24일,395.4,397.88,399.38,393.27,128.29M,-0.26%
2021년 11월 23일,396.44,399.43,399.52,395.58,124.51M,-0.66%
2021년 11월 22일,399.07,393.16,399.88,392.75,144.70M,2.19%
2021년 11월 19일,390.53,387.97,391.24,387.31,130.76M,0.80%
2021년 11월 18일,387.44,388.86,390,386.31,130.47M,-0.51%
2021년 11월 17일,389.44,394.88,395.25,388.7,146.33M,-1.17%
2021년 11월 16일,394.07,393.94,396.49,392.62,134.39M,-0.07%
2021년 11월 15일,394.36,393.36,395.56,392.16,174.94M,1.02%
2021년 11월 12일,390.38,389.13,391.77,387.46,166.34M,1.14%
2021년 11월 11일,385.97,383.84,386.03,382.57,212.91M,-0.07%
2021년 11월 10일,386.24,388.37,390.36,385.57,117.56M,-1.06%
2021년 11월 09일,390.36,389.17,393.13,388.25,127.59M,0.20%
2021년 11월 08일,389.59,390.1,390.71,385.5,126.07M,-0.07%
2021년 11월 05일,389.86,394.65,394.81,387.66,139.11M,-0.43%
2021년 11월 04일,391.54,393.16,395.15,390.75,185.41M,0.53%
2021년 11월 03일,389.48,395.73,395.85,388.52,137.22M,-1.35%
2021년 11월 02일,394.82,392.18,398.1,392.18,126.75M,1.29%
2021년 11월 01일,389.81,390.34,391.65,389.14,121.44M,0.34%
2021년 10월 29일,388.47,396.08,396.92,387.82,146.47M,-1.38%
2021년 10월 28일,393.89,394.87,397.79,393.89,180.65M,-0.40%
2021년 10월 27일,395.48,398.31,398.82,394.41,193.85M,-0.90%
2021년 10월 26일,399.07,397.75,399.67,396.28,135.40M,1.03%
2021년 10월 25일,395.01,392.45,395.99,390.02,152.06M,0.42%
2021년 10월 22일,393.34,392.82,394.91,391.54,108.30M,0.04%
2021년 10월 21일,393.18,393.56,395.51,392.38,136.38M,-0.14%
2021년 10월 20일,393.74,397.48,398.09,393.6,129.25M,-0.42%
2021년 10월 19일,395.41,394.26,395.92,393.27,113.85M,0.86%
2021년 10월 18일,392.02,393.39,394.16,389.74,126.68M,-0.30%
2021년 10월 15일,393.19,392.94,394.58,391.36,170.78M,0.92%
2021년 10월 14일,389.59,387.39,389.63,386.48,170.13M,1.43%
2021년 10월 13일,384.1,380.12,385.72,379.31,154.27M,0.90%
2021년 10월 12일,380.69,386.27,386.6,379.08,158.57M,-1.74%
2021년 10월 08일,387.42,390.42,390.7,386.54,150.22M,-0.19%
2021년 10월 07일,388.14,385.87,388.78,384.59,173.71M,1.63%
2021년 10월 06일,381.93,391.01,392.37,381.93,229.53M,-1.57%
2021년 10월 05일,388.01,391.95,392.02,384.92,202.46M,-1.72%
2021년 10월 01일,394.79,399.53,400.52,394.14,155.62M,-1.62%
2021년 09월 30일,401.3,399.41,402.9,397.98,182.82M,0.30%
2021년 09월 29일,400.09,400.44,402.28,396.78,180.58M,-1.50%
2021년 09월 28일,406.2,410.74,411.1,405.79,175.59M,-1.16%
2021년 09월 27일,410.97,409.28,412.72,408.97,153.14M,0.28%
2021년 09월 24일,409.84,412.01,412.8,409.09,153.82M,-0.15%
2021년 09월 23일,410.46,409.04,410.92,407.39,164.54M,-0.13%
2021년 09월 17일,410.99,408.9,411.36,407.07,165.79M,0.43%
2021년 09월 16일,409.22,414.22,414.68,408.79,166.06M,-0.88%
2021년 09월 15일,412.85,412.05,414.61,410.75,193.19M,0.12%
2021년 09월 14일,412.36,411.06,414.85,410.98,179.78M,0.65%
2021년 09월 13일,409.7,407.33,410.87,406.43,152.91M,0.24%
2021년 09월 10일,408.7,407.99,409.78,405.99,145.03M,0.35%
2021년 09월 09일,407.28,411.98,413.64,406.68,189.64M,-1.75%
2021년 09월 08일,414.54,416.35,417.62,413.34,182.49M,-0.78%
2021년 09월 07일,417.8,419.85,419.88,416.28,134.46M,-0.61%
2021년 09월 06일,420.37,418.99,420.74,417.85,151.55M,0.27%
2021년 09월 03일,419.22,417.67,419.78,416.4,147.69M,0.80%
2021년 09월 02일,415.89,419.19,420.2,414.99,146.86M,-0.96%
2021년 09월 01일,419.92,419.17,421.31,417.16,151.58M,0.03%
2021년 08월 31일,419.79,411.69,419.9,409.67,170.99M,2.01%
2021년 08월 30일,411.5,414.15,414.85,410.04,145.64M,0.31%
2021년 08월 27일,410.24,408.63,411.79,406.81,132.45M,-0.03%
2021년 08월 26일,410.38,414.49,415.74,409.79,174.28M,-0.86%
2021년 08월 25일,413.95,414.01,416.03,410.63,176.20M,0.36%
2021년 08월 24일,412.48,408.47,412.94,408.26,165.65M,1.95%
2021년 08월 23일,404.58,404.32,407.82,401.63,166.04M,0.95%
2021년 08월 20일,400.78,406.64,408.35,399.18,197.11M,-1.03%
2021년 08월 19일,404.96,410.84,412.93,404.91,192.94M,-2.03%
2021년 08월 18일,413.36,410.92,415.38,408.46,184.48M,0.50%
2021년 08월 17일,411.31,415.5,417.23,410.31,207.92M,-1.14%
2021년 08월 13일,416.06,421.38,422.04,413.64,221.07M,-1.50%
2021년 08월 12일,422.38,423.17,425.53,421.42,251.30M,-0.56%
2021년 08월 11일,424.74,427.16,428.88,424.3,170.67M,-0.89%
2021년 08월 10일,428.56,433.01,433.11,427.28,174.09M,-0.72%
2021년 08월 09일,431.65,431.57,433.16,430.05,140.99M,-0.38%
2021년 08월 06일,433.29,434.85,436.61,432.27,143.72M,-0.33%
2021년 08월 05일,434.74,436.46,437.85,434.24,267.97M,-0.30%
2021년 08월 04일,436.05,431.6,436.71,430.16,166.74M,1.41%
2021년 08월 03일,429.98,426.65,429.98,426.42,151.06M,0.75%
2021년 08월 02일,426.79,426.29,426.85,422.86,117.34M,0.68%
2021년 07월 30일,423.91,428.12,428.21,423.91,143.58M,-1.30%
2021년 07월 29일,429.49,430.58,431.19,428.18,112.36M,0.08%
2021년 07월 28일,429.15,427.3,429.71,425.34,132.99M,0.22%
2021년 07월 27일,428.22,430.14,431.15,427.89,142.52M,0.18%
2021년 07월 26일,427.47,433.14,433.28,427.46,146.23M,-0.95%
2021년 07월 23일,431.55,431.75,433.23,430.27,173.07M,0.04%
2021년 07월 22일,431.38,428.75,431.93,428.65,182.08M,1.26%
2021년 07월 21일,426,430.99,431.29,425.82,212.12M,-0.60%
2021년 07월 20일,428.55,427.14,428.78,425.99,163.96M,-0.31%
2021년 07월 19일,429.89,432.25,432.25,428.94,152.02M,-1.13%
2021년 07월 16일,434.82,436.24,436.24,432.85,149.48M,-0.44%
2021년 07월 15일,436.76,434.24,436.85,433.12,152.54M,0.74%
2021년 07월 14일,433.57,434.47,434.57,431.75,147.02M,-0.26%
2021년 07월 13일,434.71,432.39,435.21,432.36,148.61M,0.80%
2021년 07월 12일,431.28,429.33,432.02,429.3,134.96M,0.80%
2021년 07월 09일,427.84,431.64,431.65,424.26,238.82M,-1.11%
2021년 07월 08일,432.63,437.2,438.56,432.6,216.93M,-0.99%
2021년 07월 07일,436.97,439.29,439.29,435.78,178.32M,-0.58%
2021년 07월 06일,439.5,437.96,440.68,437.96,194.16M,0.42%
2021년 07월 05일,437.66,436.53,438.92,436.53,180.18M,0.38%
2021년 07월 02일,436,436.31,438.07,435.54,197.30M,-0.08%
2021년 07월 01일,436.34,439.01,439.26,435.8,172.56M,-0.57%
2021년 06월 30일,438.84,437.76,440.4,437.7,167.36M,0.30%
2021년 06월 29일,437.54,440.48,440.6,436.17,231.75M,-0.55%
2021년 06월 28일,439.98,440.78,441.54,438.55,237.76M,-0.10%
2021년 06월 25일,440.4,438.76,442.31,438.75,367.17M,0.46%
2021년 06월 24일,438.38,437.54,439.37,436.96,299.67M,0.38%
2021년 06월 23일,436.73,434.65,437.37,434.62,372.08M,0.53%
2021년 06월 22일,434.42,432.1,435.05,432.1,483.82M,0.69%
2021년 06월 21일,431.46,434.57,434.57,429.52,242.43M,-0.82%
2021년 06월 18일,435.02,434.82,436.69,434.39,230.15M,0.07%
2021년 06월 17일,434.73,436.61,436.63,432.78,200.55M,-0.51%
2021년 06월 16일,436.96,434.19,437.47,433.88,306.89M,0.65%
2021년 06월 15일,434.13,433.41,434.99,432.48,336.10M,0.21%
2021년 06월 14일,433.22,432.7,433.59,431.28,236.26M,0.10%
2021년 06월 11일,432.78,429.61,433.42,429.61,328.90M,0.80%
2021년 06월 10일,429.35,428.23,430.87,427.5,267.08M,0.28%
2021년 06월 09일,428.16,432.35,432.53,428.16,248.52M,-1.09%
2021년 06월 08일,432.88,433.21,435.02,431.71,323.68M,-0.09%
2021년 06월 07일,433.26,432.82,435.77,430.76,337.93M,0.24%
2021년 06월 04일,432.22,433.7,433.7,429.33,290.32M,-0.38%
2021년 06월 03일,433.87,430.2,435.6,430.2,219.81M,0.86%
2021년 06월 02일,430.15,430.6,433.06,429.14,292.52M,-0.04%
2021년 06월 01일,430.32,428.08,432.18,426.94,225.69M,0.56%
2021년 05월 31일,427.91,426.31,428.18,424.29,230.91M,0.46%
2021년 05월 28일,425.95,423.88,427.51,423.58,203.18M,0.70%
2021년 05월 27일,423,423.92,424.38,419.78,311.20M,-0.13%
2021년 05월 26일,423.54,424.46,426.05,422.55,199.31M,-0.19%
2021년 05월 25일,424.35,421.91,424.83,421.2,176.02M,0.90%
2021년 05월 24일,420.57,421.92,423.09,419.38,177.69M,-0.36%
2021년 05월 21일,422.08,423.12,427.75,420.7,196.32M,0.09%
2021년 05월 20일,421.68,423.38,423.38,419.07,181.88M,-0.33%
2021년 05월 18일,423.09,418.28,423.93,418.28,174.86M,1.15%
2021년 05월 17일,418.27,421.97,423.19,416.08,207.00M,-0.45%
2021년 05월 14일,420.17,417.5,421.75,417.5,199.29M,0.99%
2021년 05월 13일,416.07,419.6,421.07,414.28,379.12M,-1.37%
2021년 05월 12일,421.86,428.74,428.96,419.11,295.19M,-1.61%
2021년 05월 11일,428.77,434.14,434.14,427.21,301.80M,-1.57%
2021년 05월 10일,435.63,429.04,436.73,429.04,255.44M,1.65%
2021년 05월 07일,428.56,426.51,429.94,426,229.12M,0.45%
2021년 05월 06일,426.64,423.62,426.64,421.25,313.80M,0.72%
2021년 05월 04일,423.57,420.99,423.57,418.53,208.97M,0.76%
2021년 05월 03일,420.36,422.54,426.3,419.3,234.40M,-0.47%
2021년 04월 30일,422.36,426.61,426.83,421.73,255.79M,-0.92%
2021년 04월 29일,426.28,428.07,430.14,424.83,231.94M,-0.28%
2021년 04월 28일,427.48,432.2,432.82,426.88,261.38M,-1.08%
2021년 04월 27일,432.14,432.46,433.43,430.36,216.23M,-0.05%
2021년 04월 26일,432.36,428.89,432.36,428.68,244.08M,0.94%
2021년 04월 23일,428.34,426.68,428.87,422.92,215.68M,0.23%
2021년 04월 22일,427.37,427.06,430.44,427.06,202.88M,0.15%
2021년 04월 21일,426.75,433.4,433.47,425.93,187.76M,-1.81%
2021년 04월 20일,434.6,431.9,434.7,431.38,185.75M,0.61%
2021년 04월 19일,431.96,432.74,434.28,431.16,172.93M,-0.11%
2021년 04월 16일,432.43,432.43,434.57,430.98,188.08M,-0.05%
2021년 04월 15일,432.66,430.41,434.4,430.39,189.53M,0.45%
2021년 04월 14일,430.71,429.14,431.65,428.04,154.42M,0.38%
2021년 04월 13일,429.08,424.4,429.84,423.89,162.00M,1.15%
2021년 04월 12일,424.22,424.73,426.62,423.1,134.97M,-0.02%
2021년 04월 09일,424.3,427.26,428.65,423.33,166.99M,-0.60%
2021년 04월 08일,426.86,426.73,427.32,424.36,221.93M,0.04%
2021년 04월 07일,426.7,426.22,428.38,424.96,176.73M,0.19%
2021년 04월 06일,425.88,425.18,427.68,423.35,162.96M,0.24%
2021년 04월 05일,424.85,425.15,426.31,422.16,157.71M,0.26%
2021년 04월 02일,423.74,422.19,425.13,422.02,163.07M,1.03%
2021년 04월 01일,419.42,416.99,419.78,416.51,184.61M,1.06%
2021년 03월 31일,415.04,417.12,420.18,415.04,225.86M,-0.38%
2021년 03월 30일,416.61,412.32,417.44,412.32,207.51M,1.11%
2021년 03월 29일,412.05,413.9,414.72,410.45,312.52M,-0.20%
2021년 03월 26일,412.89,409.16,413.04,409.13,305.21M,1.07%
2021년 03월 25일,408.53,407.03,411.27,405.59,180.93M,0.35%
2021년 03월 24일,407.1,407.32,408.76,404.03,193.07M,-0.39%
2021년 03월 23일,408.71,412.89,416.15,408.4,234.50M,-0.95%
2021년 03월 22일,412.64,412.92,414.48,410.27,270.01M,-0.07%
2021년 03월 19일,412.91,416.7,416.71,410.59,189.02M,-1.00%
2021년 03월 18일,417.06,414.97,420.86,414.97,164.06M,0.74%
2021년 03월 17일,414.01,417.35,417.67,411.32,132.77M,-0.79%
2021년 03월 16일,417.31,414.82,418.06,414.11,155.16M,0.76%
2021년 03월 15일,414.18,416.58,417.69,413.61,161.31M,-0.47%
2021년 03월 12일,416.13,413.67,417.76,413.67,184.66M,1.24%
2021년 03월 11일,411.02,404.36,413.24,404.36,231.92M,1.87%
2021년 03월 10일,403.48,406.37,411.22,402.37,172.53M,-0.57%
2021년 03월 09일,405.79,407.33,408.83,399.37,313.26M,-0.62%
2021년 03월 08일,408.34,412.86,416.37,407.6,216.89M,-0.89%
2021년 03월 05일,412,413.32,413.78,405.93,293.66M,-0.52%
2021년 03월 04일,414.17,419.34,419.34,411.28,214.04M,-1.45%
2021년 03월 03일,420.27,414.45,420.27,412.4,198.31M,1.32%
2021년 03월 02일,414.8,411,422.41,411,229.89M,1.19%
2021년 02월 26일,409.91,421.19,421.19,406.59,297.50M,-2.98%
2021년 02월 25일,422.52,412.05,422.56,412.05,200.31M,3.77%
2021년 02월 24일,407.16,415.78,420.05,406.86,252.63M,-2.08%
2021년 02월 23일,415.82,415.07,419.58,410.84,228.35M,-0.25%
2021년 02월 22일,416.88,421.96,425.9,416.8,272.97M,-0.96%
2021년 02월 19일,420.94,417.98,421.36,411.58,246.86M,0.84%
2021년 02월 18일,417.44,423.92,425.38,417.44,181.37M,-1.59%
2021년 02월 17일,424.2,429.2,429.24,421.77,230.41M,-1.17%
2021년 02월 16일,429.24,427.8,432.25,426.73,176.07M,0.52%
2021년 02월 15일,427.01,420.85,428.64,420.6,191.24M,1.75%
2021년 02월 10일,419.65,418.4,421.48,414.77,184.76M,0.42%
2021년 02월 09일,417.91,420.71,424.94,417.87,201.53M,-0.25%
2021년 02월 08일,418.95,422.3,424.62,418.37,229.54M,-1.03%
2021년 02월 05일,423.3,419.84,424.2,417.85,221.56M,1.19%
2021년 02월 04일,418.31,425.92,426.23,415.58,263.57M,-1.62%
2021년 02월 03일,425.21,422.69,427.51,419.75,248.28M,0.99%
2021년 02월 02일,421.03,416.77,427.63,416.77,219.04M,1.34%
2021년 02월 01일,415.45,404.71,415.53,400.59,235.01M,2.69%
2021년 01월 29일,404.56,417.92,421.05,402.94,305.30M,-2.84%
2021년 01월 28일,416.4,422.92,422.92,413.34,242.94M,-1.72%
2021년 01월 27일,423.67,427.11,432.62,423.23,205.61M,-0.72%
2021년 01월 26일,426.73,436.27,437.19,425.64,236.60M,-2.42%
2021년 01월 25일,437.3,427.64,437.96,427.17,231.21M,2.38%
2021년 01월 22일,427.13,430.73,433.84,427.13,269.26M,-0.73%
2021년 01월 21일,430.27,425.29,431.05,424.64,302.48M,1.48%
2021년 01월 20일,424.01,425.17,429.39,419.27,259.50M,0.63%
2021년 01월 19일,421.35,410.21,423.82,409.67,259.93M,2.64%
2021년 01월 18일,410.5,419.7,419.7,408.69,289.24M,-2.36%
2021년 01월 15일,420.43,430.37,436.35,420.33,279.52M,-2.19%
2021년 01월 14일,429.85,430.43,431.54,427.13,284.70M,-0.12%
2021년 01월 13일,430.38,427.98,433.27,424.97,303.67M,0.59%
2021년 01월 12일,427.87,430.8,432.04,416.29,362.36M,-0.76%
2021년 01월 11일,431.13,431.69,449.04,424.16,545.78M,0.21%
2021년 01월 08일,430.22,412.06,431.99,412.06,499.11M,4.72%
2021년 01월 07일,410.81,404,414.65,403.99,460.33M,2.17%
2021년 01월 06일,402.08,406.33,411.21,401.06,429.08M,-0.97%
2021년 01월 05일,406.03,399.79,406.03,396.43,470.87M,1.54%
2021년 01월 04일,399.88,389.5,400.78,388.88,361.89M,2.72%
2020년 12월 30일,389.29,381.21,390.04,379.14,236.86M,2.10%
2020년 12월 29일,381.27,380.34,382.31,377.04,234.72M,0.35%
2020년 12월 28일,379.93,381.51,383.84,378.44,304.33M,0.20%
2020년 12월 24일,379.18,371.67,380.29,371.67,314.37M,2.12%
2020년 12월 23일,371.32,367.02,371.93,364.72,296.02M,1.33%
2020년 12월 22일,366.43,371.08,371.91,366.43,291.11M,-1.54%
2020년 12월 21일,372.18,371.51,372.44,368.05,252.57M,0.17%
2020년 12월 18일,371.55,372.02,373.37,370.5,307.53M,-0.12%
2020년 12월 17일,372,372.12,372.6,368.07,244.58M,-0.14%
2020년 12월 16일,372.53,371.86,374.53,371.03,188.95M,0.44%
2020년 12월 15일,370.88,371.75,372.64,367.7,243.33M,-0.18%
2020년 12월 14일,371.56,372.14,374.72,370.5,284.47M,-0.18%
2020년 12월 11일,372.24,370.45,374.3,370.39,331.02M,0.78%
2020년 12월 10일,369.37,370.74,372.68,365.76,344.58M,-0.57%
2020년 12월 09일,371.47,363.77,371.64,363.77,191.95M,2.21%
2020년 12월 08일,363.45,369.73,370.11,363.41,192.37M,-1.73%
2020년 12월 07일,369.86,368.59,371.51,365.32,221.80M,0.61%
2020년 12월 04일,367.63,363.28,369.67,363.23,281.11M,1.65%
2020년 12월 03일,361.66,360.36,361.66,358.45,206.86M,0.84%
2020년 12월 02일,358.66,354.33,359.15,354,220.90M,1.78%
2020년 12월 01일,352.4,349.37,353.26,349.07,260.00M,1.83%
2020년 11월 30일,346.05,354.7,354.78,346.05,339.06M,-1.89%
2020년 11월 27일,352.73,351.83,353.19,350.63,178.42M,0.17%
2020년 11월 26일,352.12,348.66,352.12,346.77,182.18M,1.10%
2020년 11월 25일,348.3,353.05,353.96,346.17,333.14M,-0.57%
2020년 11월 24일,350.28,350.3,352.55,348.61,295.44M,0.52%
2020년 11월 23일,348.46,341.51,348.94,340.6,380.84M,2.30%
2020년 11월 20일,340.62,339.48,341.71,338.59,179.11M,0.14%
2020년 11월 19일,340.16,338.56,340.42,337.51,215.10M,0.06%
2020년 11월 18일,339.96,341.07,341.81,338.64,231.64M,0.03%
2020년 11월 17일,339.85,340.84,342.57,339.06,403.20M,-0.23%
2020년 11월 16일,340.63,335.2,341.15,335.2,465.75M,2.28%
2020년 11월 13일,333.03,329.09,333.15,328.25,291.36M,1.00%
2020년 11월 12일,329.72,330.57,331.58,328.46,342.30M,-0.42%
2020년 11월 11일,331.12,327.04,331.46,327.01,323.23M,1.53%
2020년 11월 10일,326.13,326.33,327,323.79,331.19M,0.09%
2020년 11월 09일,325.83,325.25,328.02,324.51,276.82M,1.16%
2020년 11월 06일,322.1,322.72,324.28,320.61,143.96M,0.18%
2020년 11월 05일,321.51,315.74,321.51,315.27,186.09M,2.45%
2020년 11월 04일,313.83,314.31,315.62,311.37,212.32M,0.56%
2020년 11월 03일,312.07,308.14,312.35,308.01,129.00M,2.00%
2020년 11월 02일,305.95,302.67,306.43,301.37,111.03M,1.44%
2020년 10월 30일,301.6,308.91,309.08,301.58,178.91M,-2.69%
2020년 10월 29일,309.94,308.99,310.56,306.63,139.04M,-1.03%
2020년 10월 28일,313.17,310.66,313.3,309.44,120.21M,0.44%
2020년 10월 27일,311.8,311.5,313.93,310.55,162.32M,-0.55%
2020년 10월 26일,313.53,315.63,316.78,313.33,170.88M,-0.40%
2020년 10월 23일,314.79,314.98,315.83,312.31,198.02M,0.33%
2020년 10월 22일,313.77,313.62,314.29,311.55,140.73M,-0.63%
2020년 10월 21일,315.76,315.34,316.61,314.16,136.81M,0.33%
2020년 10월 20일,314.71,311.02,314.91,309.95,135.68M,0.68%
2020년 10월 19일,312.59,313.43,314.94,312.19,138.22M,0.24%
2020년 10월 16일,311.83,314.41,315.47,309.67,126.44M,-0.67%
2020년 10월 15일,313.92,315.76,315.89,312.4,124.41M,-0.84%
2020년 10월 14일,316.57,319.6,319.88,315.71,129.34M,-0.94%
2020년 10월 13일,319.58,321.04,321.45,316.98,126.74M,0.13%
2020년 10월 12일,319.15,318.99,320.01,317.67,140.94M,0.53%
2020년 10월 08일,317.47,320.31,320.38,316.6,168.69M,0.04%
2020년 10월 07일,317.35,312.34,317.44,311.82,124.43M,0.92%
2020년 10월 06일,314.45,315.13,316.48,313.03,139.89M,0.30%
2020년 10월 05일,313.51,309.65,314.66,309.09,157.99M,1.32%
2020년 09월 29일,309.44,310.01,311.34,308.52,138.82M,0.78%
2020년 09월 28일,307.03,306.49,308.34,304.64,173.18M,1.14%
2020년 09월 25일,303.57,305.38,305.55,301.93,156.86M,0.36%
2020년 09월 24일,302.48,304.85,306.98,301.95,181.25M,-2.31%
2020년 09월 23일,309.64,311.5,311.76,303.29,208.05M,0.27%
2020년 09월 22일,308.82,315.53,316.02,307.4,304.36M,-2.24%
2020년 09월 21일,315.89,318.13,320.86,314.78,165.86M,-0.79%
2020년 09월 18일,318.39,319.2,319.81,316.62,153.54M,0.12%
2020년 09월 17일,318,321.3,322.23,316.92,178.30M,-1.34%
2020년 09월 16일,322.31,323.14,324.19,321.52,146.88M,-0.32%
2020년 09월 15일,323.36,321.82,323.57,320.54,152.45M,0.74%
2020년 09월 14일,320.98,319.83,321.22,318.54,176.78M,1.43%
2020년 09월 11일,316.45,315.64,316.77,313.2,165.16M,-0.03%
2020년 09월 10일,316.53,317.92,318.38,315.46,234.27M,0.88%
2020년 09월 09일,313.77,313.54,315.9,312.9,198.50M,-1.14%
2020년 09월 08일,317.38,316.31,317.43,314.56,227.27M,1.18%
2020년 09월 07일,313.67,312.08,314.44,310.93,264.67M,0.53%
2020년 09월 04일,312.03,308.25,312.64,308.04,408.03M,-1.39%
2020년 09월 03일,316.43,314.73,317.46,314.45,342.18M,1.58%
2020년 09월 02일,311.5,311.69,312.92,308.52,337.04M,0.55%
2020년 09월 01일,309.81,309.08,311.15,307.63,342.81M,0.87%
2020년 08월 31일,307.14,315.46,316.11,307.12,312.18M,-1.63%
2020년 08월 28일,312.24,313.86,315.95,311.06,256.41M,0.28%
2020년 08월 27일,311.38,314.46,315.17,311.37,175.57M,-0.89%
2020년 08월 26일,314.19,313.61,315.08,309.74,193.54M,0.19%
2020년 08월 25일,313.59,312.45,314.14,310.57,197.82M,1.38%
2020년 08월 24일,309.33,306.86,310.27,303.39,142.21M,1.04%
2020년 08월 21일,306.16,306.17,309.88,303.15,166.30M,1.52%
2020년 08월 20일,301.59,310.45,312.77,301.15,249.74M,-3.81%
2020년 08월 19일,313.54,315.96,316.82,313.18,159.93M,0.22%
2020년 08월 18일,312.84,319.57,321.69,311.2,247.52M,-2.00%
2020년 08월 14일,319.24,321.59,322.66,316.28,260.40M,-1.26%
2020년 08월 13일,323.33,325.84,326.22,319.66,285.74M,0.20%
2020년 08월 12일,322.68,320.31,322.68,317.3,293.14M,0.52%
2020년 08월 11일,321.02,317.63,322.64,317.56,297.60M,1.34%
2020년 08월 10일,316.77,312.75,317.84,312.08,261.18M,1.34%
2020년 08월 07일,312.57,311.99,314.11,310,299.12M,0.40%
2020년 08월 06일,311.32,307.88,312.84,307.88,254.20M,1.53%
2020년 08월 05일,306.64,303.94,306.67,302.91,210.81M,1.19%
2020년 08월 04일,303.04,302.5,304.27,301.48,219.87M,1.20%
2020년 08월 03일,299.46,299.57,300.33,297.57,179.73M,0.05%
2020년 07월 31일,299.32,303.69,304.16,298.89,201.96M,-0.84%
2020년 07월 30일,301.85,303.13,304.13,301.49,191.76M,0.20%
2020년 07월 29일,301.25,300.57,303.51,299.61,264.44M,0.37%
2020년 07월 28일,300.13,296.53,301.34,296.38,301.28M,2.26%
2020년 07월 27일,293.51,291.03,295.26,290.82,193.24M,0.98%
2020년 07월 24일,290.66,289.84,292.74,289.42,216.21M,-0.58%
2020년 07월 23일,292.37,293.62,293.62,290.49,250.98M,-0.57%
2020년 07월 22일,294.04,294.71,296.14,293.39,327.32M,-0.38%
2020년 07월 21일,295.16,294.03,296.11,293.2,366.99M,1.50%
2020년 07월 20일,290.81,292.76,292.76,289.01,161.82M,-0.26%
2020년 07월 17일,291.57,289.9,292.1,289.9,118.64M,0.80%
2020년 07월 16일,289.25,292.34,292.74,288.46,129.45M,-1.03%
2020년 07월 15일,292.27,292.94,294.42,290.89,168.35M,0.91%
2020년 07월 14일,289.63,288.42,289.63,286.89,126.30M,-0.07%
2020년 07월 13일,289.84,287.92,290.49,286.86,127.05M,1.68%
2020년 07월 10일,285.06,287.87,288.09,283.51,136.77M,-0.76%
2020년 07월 09일,287.25,287.8,289.41,287.08,140.61M,0.45%
2020년 07월 08일,285.97,287.2,288.41,285.18,119.45M,-0.28%
2020년 07월 07일,286.77,292.74,292.98,286.76,156.13M,-1.32%
2020년 07월 06일,290.62,286.84,291.14,286.31,128.12M,1.65%
2020년 07월 03일,285.89,285.59,286.09,283.36,100.22M,0.72%
2020년 07월 02일,283.86,281.3,283.89,280.71,111.37M,1.28%
2020년 07월 01일,280.26,283.1,283.84,279.44,133.80M,0.06%
2020년 06월 30일,280.09,282.55,283.98,280.09,179.50M,0.74%
2020년 06월 29일,278.04,279.36,281.77,277.06,137.76M,-1.88%
2020년 06월 26일,283.38,283.36,284.58,280.65,169.01M,1.30%
2020년 06월 25일,279.73,282.38,284.36,279.73,152.98M,-2.43%
2020년 06월 24일,286.7,283.71,288.3,283.3,200.57M,1.69%
2020년 06월 23일,281.94,284.64,286.04,279.26,163.68M,0.18%
2020년 06월 22일,281.42,281.01,283.71,280.34,139.84M,-0.69%
2020년 06월 19일,283.37,284.56,284.7,278.53,189.13M,0.52%
2020년 06월 18일,281.91,281.74,283.39,280.02,181.59M,-0.39%
2020년 06월 17일,283.02,282.08,284.9,278.33,337.22M,0.15%
2020년 06월 16일,282.59,275.89,282.59,274,247.89M,5.46%
2020년 06월 15일,267.95,278.61,280.87,267.95,262.44M,-4.91%
2020년 06월 12일,281.78,276.97,282.54,276.05,232.83M,-2.37%
2020년 06월 11일,288.62,289.98,292.08,284.29,275.90M,-1.12%
2020년 06월 10일,291.9,291.03,292.92,289.6,229.07M,0.20%
2020년 06월 09일,291.32,293.96,294.87,287.83,268.57M,0.19%
2020년 06월 08일,290.77,295.41,295.68,289.71,286.66M,0.05%
2020년 06월 05일,290.62,286.3,291.5,284.5,282.06M,1.46%
2020년 06월 04일,286.45,291.17,292.9,284.93,364.58M,0.19%
2020년 06월 03일,285.91,279.14,287.49,278.98,476.50M,3.56%
2020년 06월 02일,276.08,272.65,276.47,272.22,251.03M,1.06%
2020년 06월 01일,273.19,269.29,273.39,268.93,171.51M,1.81%
2020년 05월 29일,268.32,266.62,269.61,265.23,269.47M,0.01%
2020년 05월 28일,268.29,270.17,271.44,264.85,248.93M,0.24%
2020년 05월 27일,267.64,266.71,269.17,265.86,247.18M,0.12%
2020년 05월 26일,267.31,263.48,267.31,262.95,175.42M,1.73%
2020년 05월 25일,262.76,260.95,262.82,259.16,125.43M,1.21%
2020년 05월 22일,259.62,263.82,264.07,258.34,166.03M,-1.56%
2020년 05월 21일,263.74,264.52,264.85,263.07,159.48M,0.39%
2020년 05월 20일,262.72,260.48,263.25,260.48,140.30M,0.36%
2020년 05월 19일,261.79,261.12,262.34,259.96,253.33M,2.49%
2020년 05월 18일,255.44,254.55,256.31,252.95,223.00M,0.65%
2020년 05월 15일,253.79,255.34,255.49,252.02,228.90M,0.06%
2020년 05월 14일,253.65,253.26,254.39,252.09,167.64M,-0.86%
2020년 05월 13일,255.85,250.03,255.85,249.95,141.25M,0.98%
2020년 05월 12일,253.37,255.33,255.56,250.98,166.80M,-0.62%
2020년 05월 11일,254.95,257.67,258.87,254.59,144.30M,-0.65%
2020년 05월 08일,256.62,256.66,258.29,256.23,125.22M,0.85%
2020년 05월 07일,254.46,253.88,256.14,253.37,114.36M,-0.21%
2020년 05월 06일,255,253.76,255.01,251.26,133.28M,1.76%
2020년 05월 04일,250.6,252.44,253.7,250.34,174.04M,-2.92%
2020년 04월 29일,258.15,256.58,259.67,256.04,184.48M,0.69%
2020년 04월 28일,256.39,255.91,257.34,253.22,172.42M,0.61%
2020년 04월 27일,254.84,251.18,255.79,250.61,151.36M,1.82%
2020년 04월 24일,250.28,252.47,252.86,249.19,154.31M,-1.36%
2020년 04월 23일,253.74,253.42,255.22,251.58,163.81M,0.74%
2020년 04월 22일,251.88,246.16,252.18,244.56,184.50M,0.99%
2020년 04월 21일,249.4,250.26,251.88,245.11,257.16M,-1.09%
2020년 04월 20일,252.14,253.85,255.93,251.46,211.00M,-1.13%
2020년 04월 17일,255.02,252.52,257.37,252.38,287.36M,3.21%
2020년 04월 16일,247.1,244.99,247.87,243.61,197.54M,-0.14%
2020년 04월 14일,247.45,246.2,248.55,244.58,193.12M,1.66%
2020년 04월 13일,243.4,246.59,246.9,243.39,195.90M,-1.85%
2020년 04월 10일,248,245.14,248.21,244.02,286.11M,0.97%
2020년 04월 09일,245.61,246.13,246.46,243.11,175.94M,1.54%
2020년 04월 08일,241.89,243.71,246.99,241.77,173.12M,-1.22%
2020년 04월 07일,244.87,245.65,247.39,240.68,224.45M,1.69%
2020년 04월 06일,240.81,234.4,241.19,233.75,190.74M,3.93%
2020년 04월 03일,231.7,232.48,234.45,229.23,181.04M,-0.06%
2020년 04월 02일,231.84,227.47,232.22,223.6,181.79M,2.43%
2020년 04월 01일,226.35,234.23,237.52,226.34,228.58M,-4.42%
2020년 03월 31일,236.82,235.2,237.47,232.5,240.44M,1.88%
2020년 03월 30일,232.45,227.05,234.7,225.09,167.23M,-0.57%
2020년 03월 27일,233.79,239.11,239.48,227.01,249.10M,1.94%
2020년 03월 26일,229.34,231.91,236.61,229.22,290.84M,-1.52%
2020년 03월 25일,232.89,228.37,233.42,224.74,306.11M,5.70%
2020년 03월 24일,220.34,207.65,220.34,205.41,225.73M,9.15%
2020년 03월 23일,201.87,200.8,206.66,198.67,210.30M,-5.52%
2020년 03월 20일,213.67,204.84,214.08,200.54,269.35M,7.22%
2020년 03월 19일,199.28,220.72,220.85,196.27,303.56M,-7.67%
2020년 03월 18일,215.83,228.63,230.04,215.81,208.04M,-4.87%
2020년 03월 17일,226.89,222.94,234.56,222.46,216.73M,-2.61%
2020년 03월 16일,232.97,245.21,245.21,232.76,175.05M,-3.19%
2020년 03월 13일,240.65,231.71,246.19,227.36,298.90M,-2.81%
2020년 03월 12일,247.62,253.93,255.49,243.76,242.47M,-3.65%
2020년 03월 11일,257.01,264.63,265.04,255.69,194.21M,-2.89%
2020년 03월 10일,264.67,261.94,265.57,260.75,173.09M,0.59%
2020년 03월 09일,263.11,266.39,267.75,261.76,182.67M,-4.36%
2020년 03월 06일,275.1,276.74,278.31,274,140.90M,-2.23%
2020년 03월 05일,281.38,280.66,282.05,277.91,147.44M,1.17%
2020년 03월 04일,278.13,270.13,278.9,270.13,208.46M,2.42%
2020년 03월 03일,271.56,277.44,277.54,270.79,146.72M,0.44%
2020년 03월 02일,270.37,269.59,272.6,265.7,163.72M,0.88%
2020년 02월 28일,268.02,272.33,273.98,267.23,202.61M,-3.27%
2020년 02월 27일,277.09,279.46,281.09,276.07,110.50M,-1.02%
2020년 02월 26일,279.94,278.45,281.98,277.68,119.55M,-1.51%
2020년 02월 25일,284.24,280.48,284.63,279.77,117.03M,1.15%
2020년 02월 24일,281.02,285.51,286.62,281.02,132.82M,-3.90%
2020년 02월 21일,292.42,292.16,295.24,291.96,100.71M,-1.43%
2020년 02월 20일,296.65,300.34,301.35,295.01,90.01M,-0.56%
2020년 02월 19일,298.33,299.68,300.38,295.53,84.26M,0.20%
2020년 02월 18일,297.74,300.26,301.29,297.2,84.75M,-1.66%
2020년 02월 17일,302.76,302.84,304.05,300.99,84.28M,-0.08%
2020년 02월 14일,303.01,300.95,304.2,299.18,80.53M,0.69%
2020년 02월 13일,300.93,302.79,304.43,300.48,115.07M,-0.20%
2020년 02월 12일,301.54,299.83,302.2,298.09,110.63M,0.76%
2020년 02월 11일,299.28,297.91,301.1,297.48,78.35M,1.03%
2020년 02월 10일,296.24,294.07,296.73,293.33,72.22M,-0.66%
2020년 02월 07일,298.21,299.59,300.05,296.01,108.11M,-0.81%
2020년 02월 06일,300.65,294.74,300.98,294.32,110.22M,2.96%
2020년 02월 05일,292.02,293.57,294.26,290.3,102.64M,0.46%
2020년 02월 04일,290.68,285.19,291.38,285.11,105.45M,1.98%
2020년 02월 03일,285.05,280.17,286.24,279.78,111.06M,0.18%
2020년 01월 31일,284.53,290.24,291.47,284.53,101.46M,-1.33%
2020년 01월 30일,288.37,293.27,294.11,287.09,101.54M,-1.91%
2020년 01월 29일,293.98,294.38,295.67,292.45,85.73M,0.41%
2020년 01월 28일,292.77,294.98,296.3,291.3,130.17M,-3.16%
2020년 01월 23일,302.33,303.77,304.72,301.71,86.91M,-1.23%
2020년 01월 22일,306.08,301.79,306.52,301.16,79.33M,1.31%
2020년 01월 21일,302.11,304.94,306.09,301.85,67.63M,-1.14%
2020년 01월 20일,305.58,304.99,307.54,304.77,78.04M,0.75%
2020년 01월 17일,303.3,305.07,306.05,302.51,81.54M,0.17%
2020년 01월 16일,302.78,299.93,302.91,298.95,85.71M,1.01%
2020년 01월 15일,299.74,299.91,301.13,298.82,71.77M,-0.59%
2020년 01월 14일,301.53,302.2,303.61,300.69,92.12M,0.47%
2020년 01월 13일,300.13,296.62,300.31,296.53,81.68M,1.03%
2020년 01월 10일,297.06,294.8,297.17,294.17,94.16M,0.90%
2020년 01월 09일,294.41,293.83,294.41,292.1,111.79M,1.72%
2020년 01월 08일,289.42,288.94,291.01,287.3,124.53M,-0.62%
2020년 01월 07일,291.23,290.01,292.26,289.64,65.35M,0.97%
2020년 01월 06일,288.43,287.73,289.41,287.49,69.96M,-0.79%
2020년 01월 03일,290.74,293.1,294.88,289.04,79.77M,0.13%
2020년 01월 02일,290.35,294.19,294.57,289.96,66.16M,-1.16%
2019년 12월 30일,293.77,294.6,295.49,293.4,54.97M,-0.48%
2019년 12월 27일,295.2,292.37,296.95,291.28,77.51M,0.39%
2019년 12월 26일,294.06,293.12,294.07,291.79,68.48M,0.40%
2019년 12월 24일,292.9,295.18,295.25,292.47,60.61M,-0.67%
2019년 12월 23일,294.87,295.84,296.12,293.81,62.09M,-0.15%
2019년 12월 20일,295.31,295.58,295.86,293.95,75.97M,0.34%
2019년 12월 19일,294.31,295.06,295.84,292.82,70.19M,0.03%
2019년 12월 18일,294.22,294.31,295.85,293.05,76.91M,-0.06%
2019년 12월 17일,294.4,291.76,294.5,290.52,94.37M,1.60%
2019년 12월 16일,289.76,289.54,290.8,289.36,73.74M,-0.12%
2019년 12월 13일,290.11,289.34,290.11,288.32,99.62M,1.75%
2019년 12월 12일,285.11,282.62,285.43,282.62,133.65M,1.72%
2019년 12월 11일,280.28,279.19,281.03,278.45,66.85M,0.35%
2019년 12월 10일,279.31,276.8,279.75,276.62,56.67M,0.46%
2019년 12월 09일,278.03,278.31,278.75,277.02,70.52M,0.53%
2019년 12월 06일,276.56,275.19,277,274.75,70.11M,1.19%
2019년 12월 05일,273.3,275.65,276.63,272.53,66.51M,-0.31%
2019년 12월 04일,274.15,274.36,274.68,272.53,81.92M,-0.74%
2019년 12월 03일,276.19,274.93,276.63,273.88,67.28M,-0.45%
2019년 12월 02일,277.44,278.27,279.44,276.97,66.61M,0.24%
2019년 11월 29일,276.78,282.08,282.1,276.34,74.60M,-1.58%
2019년 11월 28일,281.23,281.23,282.8,281.05,61.62M,-0.57%
2019년 11월 27일,282.85,283.56,284.02,281.27,60.90M,0.36%
2019년 11월 26일,281.83,283.09,284.87,281.77,119.52M,-0.13%
2019년 11월 25일,282.19,281.77,283.53,281.48,64.51M,0.99%
2019년 11월 22일,279.43,278.57,279.89,278.14,74.35M,0.41%
2019년 11월 21일,278.28,281.89,282.33,276.98,81.75M,-1.39%
2019년 11월 20일,282.21,284.27,285.29,282,73.55M,-1.40%
2019년 11월 19일,286.23,285.74,286.34,283.73,68.17M,-0.33%
2019년 11월 18일,287.18,287.1,287.78,285.94,56.11M,-0.04%
2019년 11월 15일,287.29,283.85,287.72,283.3,71.65M,1.18%
2019년 11월 14일,283.93,281.9,283.93,281.1,79.76M,0.94%
2019년 11월 13일,281.28,282.28,282.49,280.62,60.13M,-0.84%
2019년 11월 12일,283.65,281.9,283.65,280.79,65.57M,1.00%
2019년 11월 11일,280.85,283.3,283.3,280.4,61.56M,-0.81%
2019년 11월 08일,283.13,285.81,286.12,282.57,73.68M,-0.44%
2019년 11월 07일,284.37,284.04,284.82,283.05,70.72M,-0.05%
2019년 11월 06일,284.52,284.31,286.43,283.7,77.95M,0.05%
2019년 11월 05일,284.38,282.99,284.46,282.27,76.36M,0.65%
2019년 11월 04일,282.54,279.9,282.77,279.9,77.00M,1.48%
2019년 11월 01일,278.43,276.17,278.55,275.59,58.54M,0.95%
2019년 10월 31일,275.82,276.84,279.04,275.82,78.34M,0.11%
2019년 10월 30일,275.51,277.49,277.49,274.95,72.53M,-0.73%
2019년 10월 29일,277.55,279.25,279.49,276.81,57.15M,-0.08%
2019년 10월 28일,277.78,278.16,279.42,277.29,59.07M,0.26%
2019년 10월 25일,277.07,277.6,277.67,275.7,58.28M,0.13%
2019년 10월 24일,276.7,277.7,277.84,274.31,73.68M,0.17%
2019년 10월 23일,276.23,276.83,277.29,275.34,65.29M,-0.43%
2019년 10월 22일,277.41,275.4,278.19,274.93,63.88M,1.32%
2019년 10월 21일,273.79,273.87,274.1,272.67,45.39M,0.36%
2019년 10월 18일,272.81,275.99,277.06,272.28,71.47M,-1.00%
2019년 10월 17일,275.57,275.92,276.68,274.62,53.87M,-0.27%
2019년 10월 16일,276.32,276.26,277.59,275.24,65.38M,0.72%
2019년 10월 15일,274.34,273.85,275.09,273.83,53.05M,0.04%
2019년 10월 14일,274.23,274.71,275.75,273.97,71.05M,1.08%
2019년 10월 11일,271.3,271.68,272.68,270.58,59.64M,0.93%
2019년 10월 10일,268.8,268.79,270.78,266.23,98.18M,-0.94%
2019년 10월 08일,271.36,268.9,271.51,267.97,75.08M,1.38%
2019년 10월 07일,267.67,269.12,269.75,266.83,53.57M,0.10%
2019년 10월 04일,267.39,268.14,270.16,267.39,62.88M,-0.43%
2019년 10월 02일,268.55,272.39,272.42,268.55,66.21M,-2.14%
2019년 10월 01일,274.42,273.43,275.38,272.81,52.63M,0.32%
2019년 09월 30일,273.55,270.61,273.85,270.06,54.69M,0.82%
2019년 09월 27일,271.33,273.32,273.4,270.52,57.74M,-1.30%
2019년 09월 26일,274.89,275.61,276.38,273.5,89.59M,0.17%
2019년 09월 25일,274.42,276.67,277.04,274.12,70.84M,-1.28%
2019년 09월 24일,277.97,276.41,278.17,275.55,68.27M,0.48%
2019년 09월 23일,276.65,275.86,277.11,275.64,60.19M,0.08%
2019년 09월 20일,276.44,275.01,276.67,274.46,74.03M,0.55%
2019년 09월 19일,274.92,273.11,276.15,273.03,70.50M,0.68%
2019년 09월 18일,273.06,271.88,273.72,271.04,67.60M,0.51%
2019년 09월 17일,271.68,271.46,272.26,270.9,73.74M,-0.12%
2019년 09월 16일,272.02,271.48,272.03,269.59,103.34M,0.44%
2019년 09월 11일,270.84,270.35,271.35,269.58,103.90M,0.77%
2019년 09월 10일,268.76,267.96,269.13,267.35,66.34M,0.51%
2019년 09월 09일,267.4,266.11,268.67,265.92,62.21M,0.70%
2019년 09월 06일,265.53,266.2,266.36,264.74,59.20M,0.41%
2019년 09월 05일,264.44,262.53,266,262.27,88.99M,1.05%
2019년 09월 04일,261.69,257.89,261.69,257.76,69.29M,1.33%
2019년 09월 03일,258.25,258.55,259.67,257.4,64.32M,-0.32%
2019년 09월 02일,259.08,258.25,259.74,257.8,54.89M,0.03%
2019년 08월 30일,259,256.85,259.61,256.72,94.16M,1.84%
2019년 08월 29일,254.31,255.68,256.28,253.6,64.85M,-0.48%
2019년 08월 28일,255.53,254.2,255.98,253.65,58.34M,0.80%
2019년 08월 27일,253.5,253.74,254.96,252.53,93.38M,0.52%
2019년 08월 26일,252.19,251.8,253.14,250.99,62.61M,-1.53%
2019년 08월 23일,256.11,255.11,256.88,254.91,54.78M,-0.07%
2019년 08월 22일,256.28,258.53,258.73,256.25,67.25M,-0.81%
2019년 08월 21일,258.38,257.15,259.49,257.11,65.48M,0.13%
2019년 08월 20일,258.05,255.53,258.62,254.74,81.69M,1.15%
2019년 08월 19일,255.11,255.2,255.84,254.25,66.02M,0.48%
2019년 08월 16일,253.9,252.76,253.94,251.46,71.83M,-0.38%
2019년 08월 14일,254.86,255.84,256.82,254.59,82.24M,0.80%
2019년 08월 13일,252.83,253.5,254.58,252.63,76.82M,-0.99%
2019년 08월 12일,255.35,255.57,256.43,254.43,69.38M,0.20%
2019년 08월 09일,254.85,255.13,256.15,254.41,117.69M,0.97%
2019년 08월 08일,252.4,254.11,255.33,252.37,163.71M,0.16%
2019년 08월 07일,252,254.46,254.9,251.08,90.74M,-0.56%
2019년 08월 06일,253.41,250.85,257.04,250.24,123.17M,-1.47%
2019년 08월 05일,257.19,261.1,261.4,256.76,131.04M,-2.21%
2019년 08월 02일,262.99,262.61,263.94,261.75,99.66M,-1.03%
2019년 08월 01일,265.73,264.97,267.44,264.47,72.58M,-0.23%
2019년 07월 31일,266.34,268.46,269.14,265,96.24M,-0.97%
2019년 07월 30일,268.95,268.69,269.79,268.33,64.53M,0.45%
2019년 07월 29일,267.75,271.21,271.91,267.07,78.75M,-1.65%
2019년 07월 26일,272.25,271.41,272.56,270.57,89.84M,-0.29%
2019년 07월 25일,273.04,274.08,274.62,271.25,95.65M,-0.07%
2019년 07월 24일,273.22,275.12,276.48,272.91,84.29M,-0.98%
2019년 07월 23일,275.92,274.93,276.56,274.84,95.08M,0.50%
2019년 07월 22일,274.55,273.9,275.35,273.57,60.91M,0.00%
2019년 07월 19일,274.55,272.71,274.95,272.21,87.94M,1.43%
2019년 07월 18일,270.67,271.05,271.63,269.73,80.14M,-0.30%
2019년 07월 17일,271.48,272.13,272.28,270.29,117.95M,-0.94%
2019년 07월 16일,274.05,272.79,274.54,272.14,137.05M,0.52%
2019년 07월 15일,272.64,272.06,273.38,270.99,83.61M,-0.01%
2019년 07월 12일,272.68,272.21,273.23,271.28,55.66M,0.33%
2019년 07월 11일,271.78,270.58,272.97,270.46,107.37M,1.13%
2019년 07월 10일,268.75,269.29,270.33,268.6,67.51M,0.38%
2019년 07월 09일,267.72,269.6,270.22,267.72,71.88M,-0.31%
2019년 07월 08일,268.55,271.38,271.67,268.38,75.10M,-2.11%
2019년 07월 05일,274.35,274.74,275.23,272.41,60.02M,-0.07%
2019년 07월 04일,274.54,273.18,274.61,271.93,77.52M,0.80%
2019년 07월 03일,272.37,275.57,276.69,271.9,97.52M,-1.30%
2019년 07월 02일,275.97,276.06,277.46,274.63,65.54M,-0.47%
2019년 07월 01일,277.27,279.59,279.68,276.85,74.36M,-0.08%
2019년 06월 28일,277.5,278.03,278.56,276.58,67.60M,-0.09%
2019년 06월 27일,277.75,275.47,278.63,275.09,66.30M,0.81%
2019년 06월 26일,275.53,275.21,276.36,274.66,58.82M,0.09%
2019년 06월 25일,275.28,275.33,277.02,274.19,60.51M,-0.11%
2019년 06월 24일,275.58,275.91,276.73,275.13,55.54M,0.04%
2019년 06월 21일,275.48,276.17,276.26,274.6,77.28M,-0.19%
2019년 06월 20일,276.01,274.63,276.09,274.43,55.34M,0.25%
2019년 06월 19일,275.31,274.4,275.6,274.08,69.73M,1.46%
2019년 06월 18일,271.36,269.77,271.87,269.77,65.72M,0.47%
2019년 06월 17일,270.09,269.83,271.59,269.14,57.06M,-0.14%
2019년 06월 14일,270.48,270.19,271.55,268.96,66.71M,-0.24%
2019년 06월 13일,271.13,271.96,272.46,268.38,95.80M,-0.59%
2019년 06월 12일,272.74,273.14,274.32,272,66.92M,-0.17%
2019년 06월 11일,273.21,271.48,273.69,271.24,61.24M,0.41%
2019년 06월 10일,272.1,270.32,272.2,268.68,60.89M,1.43%
2019년 06월 07일,268.27,267.97,269.63,266.27,67.97M,0.10%
2019년 06월 05일,267.99,270.1,270.46,267.46,67.51M,0.12%
2019년 06월 04일,267.66,267.84,268.47,266.72,70.29M,-0.19%
2019년 06월 03일,268.16,262.68,268.55,262.33,83.61M,1.62%
2019년 05월 31일,263.89,262.48,265.21,261.53,77.79M,-0.02%
2019년 05월 30일,263.93,261.58,264.23,261.58,70.34M,0.98%
2019년 05월 29일,261.37,264.1,264.1,260.22,82.79M,-1.26%
2019년 05월 28일,264.7,264.38,266.16,263.27,147.26M,0.11%
2019년 05월 27일,264.4,264.18,265.85,263.17,53.14M,-0.01%
2019년 05월 24일,264.42,264.7,266.11,263.1,67.23M,-0.74%
2019년 05월 23일,266.38,266.4,267.12,264.5,71.66M,-0.10%
2019년 05월 22일,266.65,267.01,267.6,263.95,61.66M,0.20%
2019년 05월 21일,266.12,265.25,268.55,264.79,81.02M,0.44%
2019년 05월 20일,264.96,265.9,267.65,264.33,64.23M,0.23%
2019년 05월 17일,264.35,267.85,268.06,263.94,75.10M,-0.62%
2019년 05월 16일,265.99,269.83,269.96,265.24,75.96M,-1.35%
2019년 05월 15일,269.64,268.42,271,267.62,77.02M,0.40%
2019년 05월 14일,268.57,266.03,270.42,265.55,82.19M,-0.06%
2019년 05월 13일,268.72,269.8,271.54,268.55,66.87M,-1.23%
2019년 05월 10일,272.06,273.37,274.32,269.71,89.44M,0.39%
2019년 05월 09일,271,278.83,279.63,271,124.01M,-3.27%
2019년 05월 08일,280.15,277.85,281.84,277.84,75.00M,-0.41%
2019년 05월 07일,281.31,280.89,281.66,278.95,97.72M,-0.83%
2019년 05월 03일,283.67,285.64,285.95,283.14,67.79M,-0.86%
2019년 05월 02일,286.12,283.37,286.87,283.14,84.18M,0.42%
2019년 04월 30일,284.92,286.25,286.59,282.61,77.99M,-0.65%
2019년 04월 29일,286.79,282,286.79,281.81,66.98M,1.94%
2019년 04월 26일,281.34,280.86,282.47,279.7,76.72M,-0.53%
2019년 04월 25일,282.83,282.8,284.22,281.9,74.58M,-0.31%
2019년 04월 24일,283.7,287.82,287.82,281.96,88.61M,-0.97%
2019년 04월 23일,286.47,285.85,286.83,285.42,67.38M,0.21%
2019년 04월 22일,285.87,286.06,287.59,284.52,55.19M,-0.01%
2019년 04월 19일,285.89,287.18,287.48,285.72,63.87M,0.02%
2019년 04월 18일,285.82,290.88,291.15,285.38,89.65M,-1.55%
2019년 04월 17일,290.33,290.68,291.21,289.84,72.67M,-0.10%
2019년 04월 16일,290.62,289.18,290.76,288.77,96.13M,0.43%
2019년 04월 15일,289.38,289.54,290.74,289.12,80.43M,0.35%
2019년 04월 12일,288.37,286.89,288.62,285.83,69.06M,0.33%
2019년 04월 11일,287.42,288.33,288.71,286.38,84.68M,-0.17%
2019년 04월 10일,287.92,285.44,288.01,285.1,75.08M,0.42%
2019년 04월 09일,286.71,286.51,288.02,285.38,66.23M,0.12%
2019년 04월 08일,286.38,287.78,287.83,285.09,64.57M,-0.10%
2019년 04월 05일,286.68,286.03,287.53,285.93,64.89M,0.19%
2019년 04월 04일,286.15,285.29,287.75,284.97,73.80M,0.18%
2019년 04월 03일,285.65,281.88,285.65,281.22,91.59M,1.39%
2019년 04월 02일,281.72,281.67,282.47,281,72.18M,0.50%
2019년 04월 01일,280.32,278.41,280.93,278.41,76.67M,1.39%
2019년 03월 29일,276.48,276.33,277.01,274.32,82.28M,0.51%
2019년 03월 28일,275.08,275.02,276.2,273.9,66.92M,-0.79%
2019년 03월 27일,277.28,277.01,278.16,274.87,67.77M,-0.12%
2019년 03월 26일,277.6,278.43,278.49,276.91,65.75M,0.05%
2019년 03월 25일,277.45,279.12,279.21,277.19,77.32M,-2.01%
2019년 03월 22일,283.13,283.92,284.55,282.09,117.73M,0.27%
2019년 03월 21일,282.38,281.14,284.39,280.63,97.09M,0.88%
2019년 03월 20일,279.92,278.84,280.07,276.34,61.17M,0.04%
2019년 03월 19일,279.82,280.3,280.4,278.63,55.39M,-0.04%
2019년 03월 18일,279.93,280.27,280.77,278.92,60.90M,0.02%
2019년 03월 15일,279.87,276.42,280.5,276.31,123.13M,1.17%
2019년 03월 14일,276.64,276.79,277.4,274.78,95.82M,0.23%
2019년 03월 13일,276,276.92,277.12,274.04,61.49M,-0.62%
2019년 03월 12일,277.73,277.41,278.48,276.94,63.96M,0.97%
2019년 03월 11일,275.06,275.5,276.28,273.88,64.83M,0.08%
2019년 03월 08일,274.84,277.18,278,274.84,71.64M,-1.45%
2019년 03월 07일,278.87,279.33,280.98,277.44,78.64M,-0.35%
2019년 03월 06일,279.85,280.09,280.26,278.72,75.23M,-0.21%
2019년 03월 05일,280.45,281.42,281.89,279.53,78.81M,-0.73%
2019년 03월 04일,282.51,286.12,286.68,282.16,107.55M,-0.45%
2019년 02월 28일,283.8,288.13,288.62,283.8,129.09M,-1.72%
2019년 02월 27일,288.76,288.9,289.41,288.09,72.74M,0.30%
2019년 02월 26일,287.89,288.52,289.2,287.06,81.33M,-0.38%
2019년 02월 25일,289,290.19,290.32,287.84,73.42M,0.09%
2019년 02월 22일,288.74,287.29,288.74,286.54,70.34M,0.11%
2019년 02월 21일,288.41,287.43,289.28,286.05,88.24M,0.00%
2019년 02월 20일,288.4,286.55,289.22,286.21,88.58M,1.22%
2019년 02월 19일,284.91,285.36,286.12,283.16,62.75M,-0.35%
2019년 02월 18일,285.9,285.6,287.02,284.64,73.48M,0.68%
2019년 02월 15일,283.98,286.42,286.42,282.81,77.19M,-1.63%
2019년 02월 14일,288.68,284.25,288.68,282.91,112.39M,1.30%
2019년 02월 13일,284.97,285.09,285.59,284.13,93.29M,0.45%
2019년 02월 12일,283.69,282.12,284.32,281.43,92.11M,0.56%
2019년 02월 11일,282.1,281.75,282.19,280.02,79.97M,0.22%
2019년 02월 08일,281.49,283.85,284.01,280.95,88.71M,-1.46%
2019년 02월 07일,285.65,287.54,287.67,284.97,100.69M,-0.05%
2019년 02월 01일,285.79,287.07,288.34,285.43,114.63M,-0.03%
2019년 01월 31일,285.89,288.85,288.87,285.89,153.50M,-0.25%
2019년 01월 30일,286.62,282.86,286.63,282.24,134.73M,1.28%
2019년 01월 29일,283,281.12,283,279.65,130.94M,0.48%
2019년 01월 28일,281.64,282.56,283.46,280.47,95.97M,-0.01%
2019년 01월 25일,281.67,277.3,281.72,277.04,115.51M,1.83%
2019년 01월 24일,276.61,274.1,276.64,273.74,132.86M,1.00%
2019년 01월 23일,273.87,271.35,274.51,271.03,99.96M,0.43%
2019년 01월 22일,272.71,274.08,274.6,271.45,68.87M,-0.47%
2019년 01월 21일,274,274.99,275.14,272.29,86.55M,0.04%
2019년 01월 18일,273.88,273.02,273.95,272.56,78.97M,0.74%
2019년 01월 17일,271.88,271.66,273.05,270.81,86.75M,0.24%
2019년 01월 16일,271.23,269.96,271.28,269.05,100.50M,0.48%
2019년 01월 15일,269.93,265.62,270.02,265.37,87.17M,1.86%
2019년 01월 14일,264.99,266.22,266.7,264.23,74.93M,-0.80%
2019년 01월 11일,267.13,266.58,267.58,265.56,81.08M,0.59%
2019년 01월 10일,265.55,265.73,266.85,264.61,99.83M,-0.02%
2019년 01월 09일,265.6,260.95,266.05,260.87,98.75M,2.29%
2019년 01월 08일,259.65,261.29,262.43,259.39,86.91M,-0.73%
2019년 01월 07일,261.57,261.11,263.13,260.76,92.32M,1.43%
2019년 01월 04일,257.89,255.62,258.12,254.55,91.20M,0.83%
2019년 01월 03일,255.77,258.19,258.7,255.35,90.52M,-0.95%
2019년 01월 02일,258.23,263.35,263.77,257.47,69.95M,-1.43%
