Date,KS200
2016-03-02,238.63
2016-03-03,240.09
2016-03-04,239.74
2016-03-07,240.21
2016-03-08,238.44
2016-03-09,239.13
2016-03-10,241.43
2016-03-11,241.97
2016-03-14,242.15
2016-03-15,241.83
2016-03-16,242.35
2016-03-17,244.09
2016-03-18,244.63
2016-03-21,244.28
2016-03-22,245.41
2016-03-23,245.23
2016-03-24,244.08
2016-03-25,243.79
2016-03-28,243.95
2016-03-29,245.53
2016-03-30,246.54
2016-03-31,245.86
2016-04-01,242.36
2016-04-04,243.05
2016-04-05,240.58
2016-04-06,241.99
2016-04-07,242.29
2016-04-08,241.77
2016-04-11,242.06
2016-04-12,243.71
2016-04-14,248.89
2016-04-15,248.53
2016-04-18,248.0
2016-04-19,247.88
2016-04-20,247.26
2016-04-21,249.39
2016-04-22,248.32
2016-04-25,248.13
2016-04-26,248.92
2016-04-27,248.69
2016-04-28,246.27
2016-04-29,245.2
2016-05-02,243.47
2016-05-03,244.29
2016-05-04,243.31
2016-05-09,242.23
2016-05-10,243.68
2016-05-11,243.07
2016-05-12,242.34
2016-05-13,240.6
2016-05-16,240.82
2016-05-17,241.03
2016-05-18,239.82
2016-05-19,239.04
2016-05-20,238.74
2016-05-23,239.85
2016-05-24,237.65
2016-05-25,240.91
2016-05-26,240.58
2016-05-27,241.85
2016-05-30,241.73
2016-05-31,243.63
2016-06-01,243.58
2016-06-02,244.18
2016-06-03,244.39
2016-06-07,247.85
2016-06-08,250.04
2016-06-09,250.19
2016-06-10,248.96
2016-06-13,244.05
2016-06-14,243.35
2016-06-15,243.3
2016-06-16,241.61
2016-06-17,241.63
2016-06-20,245.17
2016-06-21,245.34
2016-06-22,246.75
2016-06-23,246.31
2016-06-24,239.21
2016-06-27,239.28
2016-06-28,240.08
2016-06-29,242.32
2016-06-30,244.14
2016-07-01,246.52
2016-07-04,247.62
2016-07-05,246.91
2016-07-06,241.86
2016-07-07,244.6
2016-07-08,243.43
2016-07-11,246.99
2016-07-12,247.14
2016-07-13,249.25
2016-07-14,249.8
2016-07-15,251.02
2016-07-18,251.52
2016-07-19,250.97
2016-07-20,250.66
2016-07-21,250.44
2016-07-22,250.04
2016-07-25,250.65
2016-07-26,252.72
2016-07-27,252.73
2016-07-28,251.86
2016-07-29,251.48
2016-08-01,253.81
2016-08-02,251.93
2016-08-03,248.65
2016-08-04,249.24
2016-08-05,252.36
2016-08-08,254.11
2016-08-09,255.85
2016-08-10,255.43
2016-08-11,256.18
2016-08-12,256.17
2016-08-16,256.15
2016-08-17,256.04
2016-08-18,258.11
2016-08-19,258.69
2016-08-22,257.27
2016-08-23,258.42
2016-08-24,257.3
2016-08-25,257.26
2016-08-26,256.23
2016-08-29,256.49
2016-08-30,257.49
2016-08-31,256.87
2016-09-01,256.03
2016-09-02,256.5
2016-09-05,259.64
2016-09-06,260.93
2016-09-07,260.31
2016-09-08,260.86
2016-09-09,257.31
2016-09-12,250.53
2016-09-13,251.77
2016-09-19,253.93
2016-09-20,255.09
2016-09-21,256.52
2016-09-22,258.34
2016-09-23,258.37
2016-09-26,257.48
2016-09-27,259.57
2016-09-28,258.21
2016-09-29,260.35
2016-09-30,257.49
2016-10-04,259.18
2016-10-05,258.99
2016-10-06,261.13
2016-10-07,260.06
2016-10-10,260.31
2016-10-11,256.15
2016-10-12,256.2
2016-10-13,253.93
2016-10-14,255.09
2016-10-17,256.19
2016-10-18,257.98
2016-10-19,258.21
2016-10-20,258.41
2016-10-21,257.26
2016-10-24,259.48
2016-10-25,258.57
2016-10-26,255.52
2016-10-27,256.66
2016-10-28,256.53
2016-10-31,255.93
2016-11-01,255.99
2016-11-02,252.83
2016-11-03,252.9
2016-11-04,252.57
2016-11-07,254.6
2016-11-08,255.26
2016-11-09,249.67
2016-11-10,255.31
2016-11-11,251.99
2016-11-14,250.01
2016-11-15,249.2
2016-11-16,250.32
2016-11-17,250.46
2016-11-18,250.21
2016-11-21,249.51
2016-11-22,252.37
2016-11-23,253.66
2016-11-24,252.03
2016-11-25,252.26
2016-11-28,252.96
2016-11-29,252.91
2016-11-30,254.26
2016-12-01,254.48
2016-12-02,252.88
2016-12-05,252.14
2016-12-06,255.63
2016-12-07,256.34
2016-12-08,262.0
2016-12-09,260.91
2016-12-12,260.72
2016-12-13,261.63
2016-12-14,262.0
2016-12-15,261.45
2016-12-16,262.56
2016-12-19,261.93
2016-12-20,262.59
2016-12-21,262.1
2016-12-22,261.97
2016-12-23,261.61
2016-12-26,261.9
2016-12-27,262.49
2016-12-28,259.7
2016-12-29,260.01
2017-01-02,260.36
2017-01-03,262.97
2017-01-04,263.12
2017-01-05,261.98
2017-01-06,263.2
2017-01-09,263.74
2017-01-10,263.73
2017-01-11,268.15
2017-01-12,269.95
2017-01-13,267.91
2017-01-16,266.15
2017-01-17,267.37
2017-01-18,267.08
2017-01-19,267.7
2017-01-20,266.52
2017-01-23,267.12
2017-01-24,267.3
2017-01-25,268.15
2017-01-26,270.48
2017-01-31,268.09
2017-02-01,269.56
2017-02-02,268.49
2017-02-03,268.85
2017-02-06,269.49
2017-02-07,268.97
2017-02-08,267.72
2017-02-09,267.69
2017-02-10,268.66
2017-02-13,268.81
2017-02-14,267.9
2017-02-15,268.81
2017-02-16,268.93
2017-02-17,268.84
2017-02-20,269.73
2017-02-21,272.11
2017-02-22,272.85
2017-02-23,272.89
2017-02-24,270.38
2017-02-27,268.97
2017-02-28,270.06
2017-03-02,272.65
2017-03-03,269.77
2017-03-06,270.41
2017-03-07,271.87
2017-03-08,272.29
2017-03-09,271.62
2017-03-10,272.29
2017-03-13,275.41
2017-03-14,277.89
2017-03-15,277.89
2017-03-16,280.11
2017-03-17,281.86
2017-03-20,280.75
2017-03-21,283.84
2017-03-22,282.63
2017-03-23,282.81
2017-03-24,282.31
2017-03-27,280.36
2017-03-28,281.25
2017-03-29,281.86
2017-03-30,281.66
2017-03-31,280.64
2017-04-03,281.6
2017-04-04,280.92
2017-04-05,280.74
2017-04-06,279.47
2017-04-07,279.01
2017-04-10,277.21
2017-04-11,275.49
2017-04-12,276.21
2017-04-13,279.12
2017-04-14,277.31
2017-04-17,278.1
2017-04-18,278.23
2017-04-19,276.49
2017-04-20,277.76
2017-04-21,280.05
2017-04-24,281.96
2017-04-25,285.41
2017-04-26,286.78
2017-04-27,287.34
2017-04-28,287.21
2017-05-02,289.65
2017-05-04,292.47
2017-05-08,299.86
2017-05-10,296.19
2017-05-11,299.75
2017-05-12,298.25
2017-05-15,298.87
2017-05-16,299.67
2017-05-17,299.34
2017-05-18,298.47
2017-05-19,298.08
2017-05-22,300.63
2017-05-23,301.36
2017-05-24,301.71
2017-05-25,305.22
2017-05-26,306.96
2017-05-29,306.52
2017-05-30,304.59
2017-05-31,304.67
2017-06-01,304.03
2017-06-02,307.83
2017-06-05,307.33
2017-06-07,305.68
2017-06-08,306.25
2017-06-09,309.38
2017-06-12,306.24
2017-06-13,308.02
2017-06-14,307.95
2017-06-15,306.69
2017-06-16,306.79
2017-06-19,308.61
2017-06-20,309.31
2017-06-21,307.52
2017-06-22,309.47
2017-06-23,310.26
2017-06-26,311.89
2017-06-27,312.12
2017-06-28,310.84
2017-06-29,312.56
2017-06-30,311.76
2017-07-03,312.39
2017-07-04,310.46
2017-07-05,311.77
2017-07-06,311.88
2017-07-07,310.66
2017-07-10,311.46
2017-07-11,313.59
2017-07-12,313.58
2017-07-13,316.35
2017-07-14,317.35
2017-07-17,318.52
2017-07-18,318.65
2017-07-19,318.91
2017-07-20,320.61
2017-07-21,321.79
2017-07-24,322.01
2017-07-25,320.15
2017-07-26,319.46
2017-07-27,320.51
2017-07-28,314.13
2017-07-31,314.6
2017-08-01,317.04
2017-08-02,317.69
2017-08-03,312.29
2017-08-04,313.46
2017-08-07,313.96
2017-08-08,313.4
2017-08-09,309.52
2017-08-10,308.37
2017-08-11,302.72
2017-08-14,304.93
2017-08-16,307.16
2017-08-17,309.02
2017-08-18,308.39
2017-08-21,308.14
2017-08-22,309.34
2017-08-23,309.71
2017-08-24,310.73
2017-08-25,311.21
2017-08-28,309.53
2017-08-29,308.64
2017-08-30,309.65
2017-08-31,308.28
2017-09-01,307.78
2017-09-04,304.19
2017-09-05,304.06
2017-09-06,303.18
2017-09-07,306.97
2017-09-08,307.43
2017-09-11,309.83
2017-09-12,310.42
2017-09-13,310.0
2017-09-14,312.52
2017-09-15,313.69
2017-09-18,318.93
2017-09-19,318.51
2017-09-20,318.48
2017-09-21,318.25
2017-09-22,316.71
2017-09-25,316.4
2017-09-26,314.29
2017-09-27,313.82
2017-09-28,313.85
2017-09-29,316.27
2017-10-10,322.49
2017-10-11,326.12
2017-10-12,328.11
2017-10-13,327.35
2017-10-16,327.82
2017-10-17,328.51
2017-10-18,328.4
2017-10-19,326.47
2017-10-20,328.89
2017-10-23,329.45
2017-10-24,328.96
2017-10-25,329.31
2017-10-26,326.99
2017-10-27,329.23
2017-10-30,330.38
2017-10-31,333.57
2017-11-01,338.76
2017-11-02,337.53
2017-11-03,338.83
2017-11-06,337.4
2017-11-07,336.76
2017-11-08,337.8
2017-11-09,337.14
2017-11-10,335.96
2017-11-13,334.33
2017-11-14,333.62
2017-11-15,332.17
2017-11-16,334.36
2017-11-17,334.18
2017-11-20,332.92
2017-11-21,333.51
2017-11-22,335.49
2017-11-23,334.51
2017-11-24,335.44
2017-11-27,329.53
2017-11-28,330.99
2017-11-29,330.68
2017-11-30,325.25
2017-12-01,324.78
2017-12-04,328.77
2017-12-05,329.61
2017-12-06,324.52
2017-12-07,323.59
2017-12-08,324.68
2017-12-11,325.09
2017-12-12,324.07
2017-12-13,326.18
2017-12-14,324.74
2017-12-15,326.23
2017-12-18,326.6
2017-12-19,326.76
2017-12-20,325.79
2017-12-21,319.72
2017-12-22,321.21
2017-12-26,318.89
2017-12-27,320.25
2017-12-28,324.74
2018-01-02,326.0
2018-01-03,327.13
2018-01-04,324.58
2018-01-05,328.97
2018-01-08,331.28
2018-01-09,330.25
2018-01-10,327.61
2018-01-11,325.67
2018-01-12,326.72
2018-01-15,327.39
2018-01-16,330.02
2018-01-17,329.19
2018-01-18,329.13
2018-01-19,329.52
2018-01-22,326.27
2018-01-23,330.93
2018-01-24,330.91
2018-01-25,334.08
2018-01-26,335.38
2018-01-29,338.05
2018-01-30,333.4
2018-01-31,333.38
2018-02-01,333.36
2018-02-02,327.01
2018-02-05,323.29
2018-02-06,318.01
2018-02-07,310.48
2018-02-08,311.62
2018-02-09,304.83
2018-02-12,308.13
2018-02-13,310.87
2018-02-14,314.4
2018-02-19,316.61
2018-02-20,312.83
2018-02-21,314.47
2018-02-22,312.17
2018-02-23,316.81
2018-02-26,317.34
2018-02-27,316.83
2018-02-28,312.86
2018-03-02,308.35
2018-03-05,304.58
2018-03-06,310.46
2018-03-07,311.14
2018-03-08,314.78
2018-03-09,317.67
2018-03-12,320.7
2018-03-13,322.98
2018-03-14,321.99
2018-03-15,322.74
2018-03-16,322.88
2018-03-19,320.35
2018-03-20,321.79
2018-03-21,321.6
2018-03-22,323.32
2018-03-23,312.42
2018-03-26,314.89
2018-03-27,316.34
2018-03-28,311.81
2018-03-29,313.82
2018-03-30,314.61
2018-04-02,314.0
2018-04-03,313.38
2018-04-04,308.54
2018-04-05,313.04
2018-04-06,311.61
2018-04-09,313.45
2018-04-10,313.94
2018-04-11,312.94
2018-04-12,313.22
2018-04-13,314.86
2018-04-16,315.17
2018-04-17,314.64
2018-04-18,318.64
2018-04-19,320.12
2018-04-20,317.89
2018-04-23,317.89
2018-04-24,315.86
2018-04-25,313.99
2018-04-26,318.08
2018-04-27,320.8
2018-04-30,323.56
2018-05-02,322.53
2018-05-03,320.55
2018-05-04,316.75
2018-05-08,315.87
2018-05-09,314.42
2018-05-10,317.31
2018-05-11,318.51
2018-05-14,317.72
2018-05-15,314.94
2018-05-16,315.97
2018-05-17,314.29
2018-05-18,315.37
2018-05-21,316.25
2018-05-23,318.31
2018-05-24,317.48
2018-05-25,318.05
2018-05-28,318.99
2018-05-29,316.2
2018-05-30,309.26
2018-05-31,310.92
2018-06-01,313.22
2018-06-04,314.84
2018-06-05,315.76
2018-06-07,317.67
2018-06-08,314.97
2018-06-11,317.22
2018-06-12,316.84
2018-06-14,311.2
2018-06-15,308.73
2018-06-18,305.35
2018-06-19,301.35
2018-06-20,304.02
2018-06-21,301.02
2018-06-22,303.69
2018-06-25,303.37
2018-06-26,302.76
2018-06-27,302.25
2018-06-28,298.26
2018-06-29,299.66
2018-07-02,292.93
2018-07-03,293.35
2018-07-04,292.26
2018-07-05,291.63
2018-07-06,293.11
2018-07-09,295.2
2018-07-10,296.19
2018-07-11,294.43
2018-07-12,294.41
2018-07-13,298.65
2018-07-16,297.37
2018-07-17,296.88
2018-07-18,296.47
2018-07-19,295.9
2018-07-20,296.95
2018-07-23,294.56
2018-07-24,295.49
2018-07-25,294.85
2018-07-26,296.95
2018-07-27,297.78
2018-07-30,297.29
2018-07-31,297.45
2018-08-01,298.69
2018-08-02,293.55
2018-08-03,295.61
2018-08-06,295.24
2018-08-07,297.18
2018-08-08,297.19
2018-08-09,297.41
2018-08-10,293.64
2018-08-13,289.85
2018-08-14,291.08
2018-08-16,288.24
2018-08-17,288.57
2018-08-20,288.61
2018-08-21,291.93
2018-08-22,293.0
2018-08-23,294.29
2018-08-24,295.54
2018-08-27,296.83
2018-08-28,297.22
2018-08-29,298.05
2018-08-30,298.05
2018-08-31,300.07
2018-09-03,297.49
2018-09-04,298.8
2018-09-05,294.96
2018-09-06,294.28
2018-09-07,292.86
2018-09-10,293.7
2018-09-11,292.46
2018-09-12,292.35
2018-09-13,292.42
2018-09-14,297.29
2018-09-17,295.23
2018-09-18,296.1
2018-09-19,296.64
2018-09-20,299.04
2018-09-21,300.81
2018-09-27,302.59
2018-09-28,300.51
2018-10-01,300.17
2018-10-02,296.53
2018-10-04,291.78
2018-10-05,291.28
2018-10-08,289.91
2018-10-10,287.85
2018-10-11,275.15
2018-10-12,279.37
2018-10-15,277.19
2018-10-16,276.9
2018-10-17,280.05
2018-10-18,277.48
2018-10-19,278.63
2018-10-22,279.4
2018-10-23,272.54
2018-10-24,271.36
2018-10-25,266.72
2018-10-26,262.69
2018-10-29,260.19
2018-10-30,262.47
2018-10-31,264.01
2018-11-01,262.95
2018-11-02,272.56
2018-11-05,270.07
2018-11-06,271.57
2018-11-07,270.45
2018-11-08,272.11
2018-11-09,271.33
2018-11-12,271.57
2018-11-13,269.7
2018-11-14,268.88
2018-11-15,271.54
2018-11-16,271.65
2018-11-19,272.31
2018-11-20,269.58
2018-11-21,268.27
2018-11-22,267.76
2018-11-23,266.33
2018-11-26,269.79
2018-11-27,272.08
2018-11-28,273.45
2018-11-29,274.16
2018-11-30,271.35
2018-12-03,276.18
2018-12-04,273.29
2018-12-05,271.49
2018-12-06,267.18
2018-12-07,268.28
2018-12-10,265.35
2018-12-11,264.69
2018-12-12,268.47
2018-12-13,269.41
2018-12-14,265.55
2018-12-17,266.33
2018-12-18,265.18
2018-12-19,267.31
2018-12-20,264.81
2018-12-21,265.06
2018-12-24,264.45
2018-12-26,260.98
2018-12-27,260.57
2018-12-28,261.98
2019-01-02,258.23
2019-01-03,255.77
2019-01-04,257.89
2019-01-07,261.57
2019-01-08,259.65
2019-01-09,265.6
2019-01-10,265.55
2019-01-11,267.13
2019-01-14,264.99
2019-01-15,269.93
2019-01-16,271.23
2019-01-17,271.88
2019-01-18,273.88
2019-01-21,274.0
2019-01-22,272.71
2019-01-23,273.87
2019-01-24,276.61
2019-01-25,281.67
2019-01-28,281.64
2019-01-29,283.0
2019-01-30,286.62
2019-01-31,285.89
2019-02-01,285.79
2019-02-07,285.65
2019-02-08,281.49
2019-02-11,282.1
2019-02-12,283.69
2019-02-13,284.97
2019-02-14,288.68
2019-02-15,283.98
2019-02-18,285.9
2019-02-19,284.91
2019-02-20,288.4
2019-02-21,288.41
2019-02-22,288.74
2019-02-25,289.0
2019-02-26,287.89
2019-02-27,288.76
2019-02-28,283.8
2019-03-04,282.51
2019-03-05,280.45
2019-03-06,279.85
2019-03-07,278.87
2019-03-08,274.84
2019-03-11,275.06
2019-03-12,277.73
2019-03-13,276.0
2019-03-14,276.64
2019-03-15,279.87
2019-03-18,279.93
2019-03-19,279.82
2019-03-20,279.92
2019-03-21,282.38
2019-03-22,283.13
2019-03-25,277.45
2019-03-26,277.6
2019-03-27,277.28
2019-03-28,275.08
2019-03-29,276.48
2019-04-01,280.32
2019-04-02,281.72
2019-04-03,285.65
2019-04-04,286.15
2019-04-05,286.68
2019-04-08,286.38
2019-04-09,286.71
2019-04-10,287.92
2019-04-11,287.42
2019-04-12,288.37
2019-04-15,289.38
2019-04-16,290.62
2019-04-17,290.33
2019-04-18,285.82
2019-04-19,285.89
2019-04-22,285.87
2019-04-23,286.47
2019-04-24,283.7
2019-04-25,282.83
2019-04-26,281.34
2019-04-29,286.79
2019-04-30,284.92
2019-05-02,286.12
2019-05-03,283.67
2019-05-07,281.31
2019-05-08,280.15
2019-05-09,271.0
2019-05-10,272.06
2019-05-13,268.72
2019-05-14,268.57
2019-05-15,269.64
2019-05-16,265.99
2019-05-17,264.35
2019-05-20,264.96
2019-05-21,266.12
2019-05-22,266.65
2019-05-23,266.38
2019-05-24,264.42
2019-05-27,264.4
2019-05-28,264.7
2019-05-29,261.37
2019-05-30,263.93
2019-05-31,263.89
2019-06-03,268.16
2019-06-04,267.66
2019-06-05,267.99
2019-06-07,268.27
2019-06-10,272.1
2019-06-11,273.21
2019-06-12,272.74
2019-06-13,271.13
2019-06-14,270.48
2019-06-17,270.09
2019-06-18,271.36
2019-06-19,275.31
2019-06-20,276.01
2019-06-21,275.48
2019-06-24,275.58
2019-06-25,275.28
2019-06-26,275.53
2019-06-27,277.75
2019-06-28,277.5
2019-07-01,277.27
2019-07-02,275.97
2019-07-03,272.37
2019-07-04,274.54
2019-07-05,274.35
2019-07-08,268.55
2019-07-09,267.72
2019-07-10,268.75
2019-07-11,271.78
2019-07-12,272.68
2019-07-15,272.64
2019-07-16,274.05
2019-07-17,271.48
2019-07-18,270.67
2019-07-19,274.55
2019-07-22,274.55
2019-07-23,275.92
2019-07-24,273.22
2019-07-25,273.04
2019-07-26,272.25
2019-07-29,267.75
2019-07-30,268.95
2019-07-31,266.34
2019-08-01,265.73
2019-08-02,262.99
2019-08-05,257.19
2019-08-06,253.41
2019-08-07,252.0
2019-08-08,252.4
2019-08-09,254.85
2019-08-12,255.35
2019-08-13,252.83
2019-08-14,254.86
2019-08-16,253.9
2019-08-19,255.11
2019-08-20,258.05
2019-08-21,258.38
2019-08-22,256.28
2019-08-23,256.11
2019-08-26,252.19
2019-08-27,253.5
2019-08-28,255.53
2019-08-29,254.31
2019-08-30,259.0
2019-09-02,259.08
2019-09-03,258.25
2019-09-04,261.69
2019-09-05,264.44
2019-09-06,265.53
2019-09-09,267.4
2019-09-10,268.76
2019-09-11,270.84
2019-09-16,272.02
2019-09-17,271.68
2019-09-18,273.06
2019-09-19,274.92
2019-09-20,276.44
2019-09-23,276.65
2019-09-24,277.97
2019-09-25,274.42
2019-09-26,274.89
2019-09-27,271.33
2019-09-30,273.55
2019-10-01,274.42
2019-10-02,268.55
2019-10-04,267.39
2019-10-07,267.67
2019-10-08,271.36
2019-10-10,268.8
2019-10-11,271.3
2019-10-14,274.23
2019-10-15,274.34
2019-10-16,276.32
2019-10-17,275.57
2019-10-18,272.81
2019-10-21,273.79
2019-10-22,277.41
2019-10-23,276.23
2019-10-24,276.7
2019-10-25,277.07
2019-10-28,277.78
2019-10-29,277.55
2019-10-30,275.51
2019-10-31,275.82
2019-11-01,278.43
2019-11-04,282.54
2019-11-05,284.38
2019-11-06,284.52
2019-11-07,284.37
2019-11-08,283.13
2019-11-11,280.85
2019-11-12,283.65
2019-11-13,281.28
2019-11-14,283.93
2019-11-15,287.29
2019-11-18,287.18
2019-11-19,286.23
2019-11-20,282.21
2019-11-21,278.28
2019-11-22,279.43
2019-11-25,282.19
2019-11-26,281.83
2019-11-27,282.85
2019-11-28,281.23
2019-11-29,276.78
2019-12-02,277.44
2019-12-03,276.19
2019-12-04,274.15
2019-12-05,273.3
2019-12-06,276.56
2019-12-09,278.03
2019-12-10,279.31
2019-12-11,280.28
2019-12-12,285.11
2019-12-13,290.11
2019-12-16,289.76
2019-12-17,294.4
2019-12-18,294.22
2019-12-19,294.31
2019-12-20,295.31
2019-12-23,294.87
2019-12-24,292.9
2019-12-26,294.06
2019-12-27,295.2
2019-12-30,293.77
2020-01-02,290.35
2020-01-03,290.74
2020-01-06,288.43
2020-01-07,291.23
2020-01-08,289.42
2020-01-09,294.41
2020-01-10,297.06
2020-01-13,300.13
2020-01-14,301.53
2020-01-15,299.74
2020-01-16,302.78
2020-01-17,303.3
2020-01-20,305.58
2020-01-21,302.11
2020-01-22,306.08
2020-01-23,302.33
2020-01-28,292.77
2020-01-29,293.98
2020-01-30,288.37
2020-01-31,284.53
2020-02-03,285.05
2020-02-04,290.68
2020-02-05,292.02
2020-02-06,300.65
2020-02-07,298.21
2020-02-10,296.24
2020-02-11,299.28
2020-02-12,301.54
2020-02-13,300.93
2020-02-14,303.01
2020-02-17,302.76
2020-02-18,297.74
2020-02-19,298.33
2020-02-20,296.65
2020-02-21,292.42
2020-02-24,281.02
2020-02-25,284.24
2020-02-26,279.94
2020-02-27,277.09
2020-02-28,268.02
2020-03-02,270.37
2020-03-03,271.56
2020-03-04,278.13
2020-03-05,281.38
2020-03-06,275.1
2020-03-09,263.11
2020-03-10,264.67
2020-03-11,257.01
2020-03-12,247.62
2020-03-13,240.65
2020-03-16,232.97
2020-03-17,226.89
2020-03-18,215.83
2020-03-19,199.28
2020-03-20,213.67
2020-03-23,201.87
2020-03-24,220.34
2020-03-25,232.89
2020-03-26,229.34
2020-03-27,233.79
2020-03-30,232.45
2020-03-31,236.82
2020-04-01,226.35
2020-04-02,231.84
2020-04-03,231.7
2020-04-06,240.81
2020-04-07,244.87
2020-04-08,241.89
2020-04-09,245.61
2020-04-10,248.0
2020-04-13,243.4
2020-04-14,247.45
2020-04-16,247.1
2020-04-17,255.02
2020-04-20,252.14
2020-04-21,249.4
2020-04-22,251.88
2020-04-23,253.74
2020-04-24,250.28
2020-04-27,254.84
2020-04-28,256.39
2020-04-29,258.15
2020-05-04,250.6
2020-05-06,255.0
2020-05-07,254.46
2020-05-08,256.62
2020-05-11,254.95
2020-05-12,253.37
2020-05-13,255.85
2020-05-14,253.65
2020-05-15,253.79
2020-05-18,255.44
2020-05-19,261.79
2020-05-20,262.72
2020-05-21,263.74
2020-05-22,259.62
2020-05-25,262.76
2020-05-26,267.31
2020-05-27,267.64
2020-05-28,268.29
2020-05-29,268.32
2020-06-01,273.19
2020-06-02,276.08
2020-06-03,285.91
2020-06-04,286.45
2020-06-05,290.62
2020-06-08,290.77
2020-06-09,291.32
2020-06-10,291.9
2020-06-11,288.62
2020-06-12,281.78
2020-06-15,267.95
2020-06-16,282.59
2020-06-17,283.02
2020-06-18,281.91
2020-06-19,283.37
2020-06-22,281.42
2020-06-23,281.94
2020-06-24,286.7
2020-06-25,279.73
2020-06-26,283.38
2020-06-29,278.04
2020-06-30,280.09
2020-07-01,280.26
2020-07-02,283.86
2020-07-03,285.89
2020-07-06,290.62
2020-07-07,286.77
2020-07-08,285.97
2020-07-09,287.25
2020-07-10,285.06
2020-07-13,289.84
2020-07-14,289.63
2020-07-15,292.27
2020-07-16,289.25
2020-07-17,291.57
2020-07-20,290.81
2020-07-21,295.16
2020-07-22,294.04
2020-07-23,292.37
2020-07-24,290.66
2020-07-27,293.51
2020-07-28,300.13
2020-07-29,301.25
2020-07-30,301.85
2020-07-31,299.32
2020-08-03,299.46
2020-08-04,303.04
2020-08-05,306.64
2020-08-06,311.32
2020-08-07,312.57
2020-08-10,316.77
2020-08-11,321.02
2020-08-12,322.68
2020-08-13,323.33
2020-08-14,319.24
2020-08-18,312.84
2020-08-19,313.54
2020-08-20,301.59
2020-08-21,306.16
2020-08-24,309.33
2020-08-25,313.59
2020-08-26,314.19
2020-08-27,311.38
2020-08-28,312.24
2020-08-31,307.14
2020-09-01,309.81
2020-09-02,311.5
2020-09-03,316.43
2020-09-04,312.03
2020-09-07,313.67
2020-09-08,317.38
2020-09-09,313.77
2020-09-10,316.53
2020-09-11,316.45
2020-09-14,320.98
2020-09-15,323.36
2020-09-16,322.31
2020-09-17,318.0
2020-09-18,318.39
2020-09-21,315.89
2020-09-22,308.82
2020-09-23,309.64
2020-09-24,302.48
2020-09-25,303.57
2020-09-28,307.03
2020-09-29,309.44
2020-10-05,313.51
2020-10-06,314.45
2020-10-07,317.35
2020-10-08,317.47
2020-10-12,319.15
2020-10-13,319.58
2020-10-14,316.57
2020-10-15,313.92
2020-10-16,311.83
2020-10-19,312.59
2020-10-20,314.71
2020-10-21,315.76
2020-10-22,313.77
2020-10-23,314.79
2020-10-26,313.53
2020-10-27,311.8
2020-10-28,313.17
2020-10-29,309.94
2020-10-30,301.6
2020-11-02,305.95
2020-11-03,312.07
2020-11-04,313.83
2020-11-05,321.51
2020-11-06,322.1
2020-11-09,325.83
2020-11-10,326.13
2020-11-11,331.12
2020-11-12,329.72
2020-11-13,333.03
2020-11-16,340.63
2020-11-17,339.85
2020-11-18,339.96
2020-11-19,340.16
2020-11-20,340.62
2020-11-23,348.46
2020-11-24,350.28
2020-11-25,348.3
2020-11-26,352.12
2020-11-27,352.73
2020-11-30,346.05
2020-12-01,352.4
2020-12-02,358.66
2020-12-03,361.66
2020-12-04,367.63
2020-12-07,369.86
2020-12-08,363.45
2020-12-09,371.47
2020-12-10,369.37
2020-12-11,372.24
2020-12-14,371.56
2020-12-15,370.88
2020-12-16,372.53
2020-12-17,372.0
2020-12-18,371.55
2020-12-21,372.18
2020-12-22,366.43
2020-12-23,371.32
2020-12-24,379.18
2020-12-28,379.93
2020-12-29,381.27
2020-12-30,389.29
2021-01-04,399.88
2021-01-05,406.03
2021-01-06,402.08
2021-01-07,410.81
2021-01-08,430.22
2021-01-11,431.13
2021-01-12,427.87
2021-01-13,430.38
2021-01-14,429.85
2021-01-15,420.43
2021-01-18,410.5
2021-01-19,421.35
2021-01-20,424.01
2021-01-21,430.27
2021-01-22,427.13
2021-01-25,437.3
2021-01-26,426.73
2021-01-27,423.67
2021-01-28,416.4
2021-01-29,404.56
2021-02-01,415.45
2021-02-02,421.03
2021-02-03,425.21
2021-02-04,418.31
2021-02-05,423.3
2021-02-08,418.95
2021-02-09,417.91
2021-02-10,419.65
2021-02-15,427.01
2021-02-16,429.24
2021-02-17,424.2
2021-02-18,417.44
2021-02-19,420.94
2021-02-22,416.88
2021-02-23,415.82
2021-02-24,407.16
2021-02-25,422.52
2021-02-26,409.91
2021-03-02,414.8
2021-03-03,420.27
2021-03-04,414.17
2021-03-05,412.0
2021-03-08,408.34
2021-03-09,405.79
2021-03-10,403.48
2021-03-11,411.02
2021-03-12,416.13
2021-03-15,414.18
2021-03-16,417.31
2021-03-17,414.01
2021-03-18,417.06
2021-03-19,412.91
2021-03-22,412.64
2021-03-23,408.71
2021-03-24,407.1
2021-03-25,408.53
2021-03-26,412.89
2021-03-29,412.05
2021-03-30,416.61
2021-03-31,415.04
2021-04-01,419.42
2021-04-02,423.74
2021-04-05,424.85
2021-04-06,425.88
2021-04-07,426.7
2021-04-08,426.86
2021-04-09,424.3
2021-04-12,424.22
2021-04-13,429.08
2021-04-14,430.71
2021-04-15,432.66
2021-04-16,432.43
2021-04-19,431.96
2021-04-20,434.6
2021-04-21,426.75
2021-04-22,427.37
2021-04-23,428.34
2021-04-26,432.36
2021-04-27,432.14
2021-04-28,427.48
2021-04-29,426.28
2021-04-30,422.36
2021-05-03,420.36
2021-05-04,423.57
2021-05-06,426.64
2021-05-07,428.56
2021-05-10,435.63
2021-05-11,428.77
2021-05-12,421.86
2021-05-13,416.07
2021-05-14,420.17
2021-05-17,418.27
2021-05-18,423.09
2021-05-20,421.68
2021-05-21,422.08
2021-05-24,420.57
2021-05-25,424.35
2021-05-26,423.54
2021-05-27,423.0
2021-05-28,425.95
2021-05-31,427.91
2021-06-01,430.32
2021-06-02,430.15
2021-06-03,433.87
2021-06-04,432.22
2021-06-07,433.26
2021-06-08,432.88
2021-06-09,428.16
2021-06-10,429.35
2021-06-11,432.78
2021-06-14,433.22
2021-06-15,434.13
2021-06-16,436.96
2021-06-17,434.73
2021-06-18,435.02
2021-06-21,431.46
2021-06-22,434.42
2021-06-23,436.73
2021-06-24,438.38
2021-06-25,440.4
2021-06-28,439.98
2021-06-29,437.54
2021-06-30,438.84
2021-07-01,436.34
2021-07-02,436.0
2021-07-05,437.66
2021-07-06,439.5
2021-07-07,436.97
2021-07-08,432.63
2021-07-09,427.84
2021-07-12,431.28
2021-07-13,434.71
2021-07-14,433.57
2021-07-15,436.76
2021-07-16,434.82
2021-07-19,429.89
2021-07-20,428.55
2021-07-21,426.0
2021-07-22,431.38
2021-07-23,431.55
2021-07-26,427.47
2021-07-27,428.22
2021-07-28,429.15
2021-07-29,429.49
2021-07-30,423.91
2021-08-02,426.79
2021-08-03,429.98
2021-08-04,436.05
2021-08-05,434.74
2021-08-06,433.29
2021-08-09,431.65
2021-08-10,428.56
2021-08-11,424.74
2021-08-12,422.38
2021-08-13,416.06
2021-08-17,411.31
2021-08-18,413.36
2021-08-19,404.96
2021-08-20,400.78
2021-08-23,404.58
2021-08-24,412.48
2021-08-25,413.95
2021-08-26,410.38
2021-08-27,410.24
2021-08-30,411.5
2021-08-31,419.79
2021-09-01,419.92
2021-09-02,415.89
2021-09-03,419.22
2021-09-06,420.37
2021-09-07,417.8
2021-09-08,414.54
2021-09-09,407.28
2021-09-10,408.7
2021-09-13,409.7
2021-09-14,412.36
2021-09-15,412.85
2021-09-16,409.22
2021-09-17,410.99
2021-09-23,410.46
2021-09-24,409.84
2021-09-27,410.97
2021-09-28,406.2
2021-09-29,400.09
2021-09-30,401.3
2021-10-01,394.79
2021-10-05,388.01
2021-10-06,381.93
2021-10-07,388.14
2021-10-08,387.42
2021-10-12,380.69
2021-10-13,384.1
2021-10-14,389.59
2021-10-15,393.19
2021-10-18,392.02
2021-10-19,395.41
2021-10-20,393.74
2021-10-21,393.18
2021-10-22,393.34
2021-10-25,395.01
2021-10-26,399.07
2021-10-27,395.48
2021-10-28,393.89
2021-10-29,388.47
2021-11-01,389.81
2021-11-02,394.82
2021-11-03,389.48
2021-11-04,391.54
2021-11-05,389.86
2021-11-08,389.59
2021-11-09,390.36
2021-11-10,386.24
2021-11-11,385.97
2021-11-12,390.38
2021-11-15,394.36
2021-11-16,394.07
2021-11-17,389.44
2021-11-18,387.44
2021-11-19,390.53
2021-11-22,399.07
2021-11-23,396.44
2021-11-24,395.4
2021-11-25,391.93
2021-11-26,385.07
2021-11-29,381.63
2021-11-30,373.24
2021-12-01,383.13
2021-12-02,389.64
2021-12-03,391.96
2021-12-06,392.85
2021-12-07,396.31
2021-12-08,397.27
2021-12-09,401.13
2021-12-10,397.97
2021-12-13,397.27
2021-12-14,395.41
2021-12-15,395.66
2021-12-16,397.68
2021-12-17,398.96
2021-12-20,391.37
2021-12-21,393.95
2021-12-22,396.07
2021-12-23,398.15
2021-12-24,400.53
2021-12-27,398.61
2021-12-28,401.21
2021-12-29,396.72
2021-12-30,394.19
2022-01-03,395.51
2022-01-04,395.4
2022-01-05,390.39
2022-01-06,386.22
2022-01-07,390.85
2022-01-10,387.52
2022-01-11,388.97
2022-01-12,394.66
2022-01-13,393.0
2022-01-14,387.45
2022-01-17,383.81
2022-01-18,381.01
2022-01-19,378.21
2022-01-20,380.39
2022-01-21,376.08
2022-01-24,371.3
2022-01-25,362.39
2022-01-26,360.83
2022-01-27,348.58
2022-01-28,357.98
2022-02-03,361.6
2022-02-04,366.34
2022-02-07,362.92
2022-02-08,363.48
2022-02-09,368.65
2022-02-10,371.57
2022-02-11,368.61
2022-02-14,362.98
2022-02-15,360.43
2022-02-16,367.3
2022-02-17,369.55
2022-02-18,368.55
2022-02-21,368.29
2022-02-22,363.51
2022-02-23,364.44
2022-02-24,355.04
2022-02-25,358.44
2022-02-28,361.54
2022-03-02,360.59
2022-03-03,367.06
2022-03-04,361.69
2022-03-07,353.03
2022-03-08,349.38
2022-03-10,358.01
2022-03-11,355.31
2022-03-14,354.61
2022-03-15,351.03
2022-03-16,356.09
2022-03-17,361.46
2022-03-18,362.33
2022-03-21,358.77
2022-03-22,361.66
2022-03-23,364.84
2022-03-24,363.38
2022-03-25,362.06
2022-03-28,362.06
2022-03-29,363.77
2022-03-30,364.5
2022-03-31,365.61
