Date,VIX
08/01/02,23.17
08/01/03,22.49
08/01/04,23.94
08/01/07,23.79
08/01/08,25.43
08/01/09,24.12
08/01/10,23.45
08/01/11,23.68
08/01/14,22.9
08/01/15,23.34
08/01/16,24.38
08/01/17,28.46
08/01/18,27.18
08/01/22,31.01
08/01/23,29.02
08/01/24,27.78
08/01/25,29.08
08/01/28,27.78
08/01/29,27.32
08/01/30,27.62
08/01/31,26.2
08/02/01,24.02
08/02/04,25.99
08/02/05,28.24
08/02/06,28.97
08/02/07,27.66
08/02/08,28.01
08/02/11,27.6
08/02/12,26.33
08/02/13,24.88
08/02/14,25.54
08/02/15,25.02
08/02/19,25.59
08/02/20,24.4
08/02/21,25.12
08/02/22,24.06
08/02/25,23.03
08/02/26,21.9
08/02/27,22.69
08/02/28,23.53
08/02/29,26.54
08/03/03,26.28
08/03/04,25.52
08/03/05,24.6
08/03/06,27.55
08/03/07,27.49
08/03/10,29.38
08/03/11,26.36
08/03/12,27.22
08/03/13,27.29
08/03/14,31.16
08/03/17,32.24
08/03/18,25.79
08/03/19,29.84
08/03/20,26.62
08/03/24,25.73
08/03/25,25.72
08/03/26,26.08
08/03/27,25.88
08/03/28,25.71
08/03/31,25.61
08/04/01,22.68
08/04/02,23.43
08/04/03,23.21
08/04/04,22.45
08/04/07,22.42
08/04/08,22.36
08/04/09,22.81
08/04/10,21.98
08/04/11,23.46
08/04/14,23.82
08/04/15,22.78
08/04/16,20.53
08/04/17,20.37
08/04/18,20.13
08/04/21,20.5
08/04/22,20.87
08/04/23,20.26
08/04/24,20.06
08/04/25,19.59
08/04/28,19.64
08/04/29,20.24
08/04/30,20.79
08/05/01,18.88
08/05/02,18.18
08/05/05,18.9
08/05/06,18.21
08/05/07,19.73
08/05/08,19.4
08/05/09,19.41
08/05/12,17.79
08/05/13,17.98
08/05/14,17.66
08/05/15,16.3
08/05/16,16.47
08/05/19,17.01
08/05/20,17.58
08/05/21,18.59
08/05/22,18.05
08/05/23,19.55
08/05/27,19.64
08/05/28,19.07
08/05/29,18.14
08/05/30,17.83
08/06/02,19.83
08/06/03,20.24
08/06/04,20.8
08/06/05,18.63
08/06/06,23.56
08/06/09,23.12
08/06/10,23.18
08/06/11,24.12
08/06/12,23.33
08/06/13,21.22
08/06/16,20.95
08/06/17,21.13
08/06/18,22.24
08/06/19,21.58
08/06/20,22.87
08/06/23,22.64
08/06/24,22.42
08/06/25,21.14
08/06/26,23.93
08/06/27,23.44
08/06/30,23.95
08/07/01,23.65
08/07/02,25.92
08/07/03,24.78
08/07/07,25.78
08/07/08,23.15
08/07/09,25.23
08/07/10,25.59
08/07/11,27.49
08/07/14,28.48
08/07/15,28.54
08/07/16,25.1
08/07/17,25.01
08/07/18,24.05
08/07/21,23.05
08/07/22,21.18
08/07/23,21.31
08/07/24,23.44
08/07/25,22.91
08/07/28,24.23
08/07/29,22.03
08/07/30,21.21
08/07/31,22.94
08/08/01,22.57
08/08/04,23.49
08/08/05,21.14
08/08/06,20.23
08/08/07,21.15
08/08/08,20.66
08/08/11,20.12
08/08/12,21.17
08/08/13,21.55
08/08/14,20.34
08/08/15,19.58
08/08/18,20.98
08/08/19,21.28
08/08/20,20.42
08/08/21,19.82
08/08/22,18.81
08/08/25,20.97
08/08/26,20.49
08/08/27,19.76
08/08/28,19.43
08/08/29,20.65
08/09/02,21.99
08/09/03,21.43
08/09/04,24.03
08/09/05,23.06
08/09/08,22.64
08/09/09,25.47
08/09/10,24.52
08/09/11,24.39
08/09/12,25.66
08/09/15,31.7
08/09/16,30.3
08/09/17,36.22
08/09/18,33.1
08/09/19,32.07
08/09/22,33.85
08/09/23,35.72
08/09/24,35.19
08/09/25,32.82
08/09/26,34.74
08/09/29,46.72
08/09/30,39.39
08/10/01,39.81
08/10/02,45.26
08/10/03,45.14
08/10/06,52.05
08/10/07,53.68
08/10/08,57.53
08/10/09,63.92
08/10/10,69.95
08/10/13,54.99
08/10/14,55.13
08/10/15,69.25
08/10/16,67.61
08/10/17,70.33
08/10/20,52.97
08/10/21,53.11
08/10/22,69.65
08/10/23,67.8
08/10/24,79.13
08/10/27,80.06
08/10/28,66.96
08/10/29,69.96
08/10/30,62.9
08/10/31,59.89
08/11/03,53.68
08/11/04,47.73
08/11/05,54.56
08/11/06,63.68
08/11/07,56.1
08/11/10,59.98
08/11/11,61.44
08/11/12,66.46
08/11/13,59.83
08/11/14,66.31
08/11/17,69.15
08/11/18,67.64
08/11/19,74.26
08/11/20,80.86
08/11/21,72.67
08/11/24,64.7
08/11/25,60.9
08/11/26,54.92
08/11/28,55.28
08/12/01,68.51
08/12/02,62.98
08/12/03,60.72
08/12/04,63.64
08/12/05,59.93
08/12/08,58.49
08/12/09,58.91
08/12/10,55.73
08/12/11,55.78
08/12/12,54.28
08/12/15,56.76
08/12/16,52.37
08/12/17,49.84
08/12/18,47.34
08/12/19,44.93
08/12/22,44.56
08/12/23,45.02
08/12/24,44.21
08/12/26,43.38
08/12/29,43.9
08/12/30,41.63
08/12/31,40.0
09/01/02,39.19
09/01/05,39.08
09/01/06,38.56
09/01/07,43.39
09/01/08,42.56
09/01/09,42.82
09/01/12,45.84
09/01/13,43.27
09/01/14,49.14
09/01/15,51.0
09/01/16,46.11
09/01/20,56.65
09/01/21,46.42
09/01/22,47.29
09/01/23,47.27
09/01/26,45.69
09/01/27,42.25
09/01/28,39.66
09/01/29,42.63
09/01/30,44.84
09/02/02,45.52
09/02/03,43.06
09/02/04,43.85
09/02/05,43.73
09/02/06,43.37
09/02/09,43.64
09/02/10,46.67
09/02/11,44.53
09/02/12,41.25
09/02/13,42.93
09/02/17,48.66
09/02/18,48.46
09/02/19,47.08
09/02/20,49.3
09/02/23,52.62
09/02/24,45.49
09/02/25,44.67
09/02/26,44.66
09/02/27,46.35
09/03/02,52.65
09/03/03,50.93
09/03/04,47.56
09/03/05,50.17
09/03/06,49.33
09/03/09,49.68
09/03/10,44.37
09/03/11,43.61
09/03/12,41.18
09/03/13,42.36
09/03/16,43.74
09/03/17,40.8
09/03/18,40.06
09/03/19,43.68
09/03/20,45.89
09/03/23,43.23
09/03/24,42.93
09/03/25,42.25
09/03/26,40.36
09/03/27,41.04
09/03/30,45.54
09/03/31,44.14
09/04/01,42.28
09/04/02,42.04
09/04/03,39.7
09/04/06,40.93
09/04/07,40.39
09/04/08,38.85
09/04/09,36.53
09/04/13,37.81
09/04/14,37.67
09/04/15,36.17
09/04/16,35.79
09/04/17,33.94
09/04/20,39.18
09/04/21,37.14
09/04/22,38.1
09/04/23,37.15
09/04/24,36.82
09/04/27,38.32
09/04/28,37.95
09/04/29,36.08
09/04/30,36.5
09/05/01,35.3
09/05/04,34.53
09/05/05,33.36
09/05/06,32.45
09/05/07,33.44
09/05/08,32.05
09/05/11,32.87
09/05/12,31.8
09/05/13,33.65
09/05/14,31.37
09/05/15,33.12
09/05/18,30.24
09/05/19,28.8
09/05/20,29.03
09/05/21,31.35
09/05/22,32.63
09/05/26,30.62
09/05/27,32.36
09/05/28,31.67
09/05/29,28.92
09/06/01,30.04
09/06/02,29.63
09/06/03,31.02
09/06/04,30.18
09/06/05,29.62
09/06/08,29.77
09/06/09,28.27
09/06/10,28.46
09/06/11,28.11
09/06/12,28.15
09/06/15,30.81
09/06/16,32.68
09/06/17,31.54
09/06/18,30.03
09/06/19,27.99
09/06/22,31.17
09/06/23,30.58
09/06/24,29.05
09/06/25,26.36
09/06/26,25.93
09/06/29,25.35
09/06/30,26.35
09/07/01,26.22
09/07/02,27.95
09/07/06,29.0
09/07/07,30.85
09/07/08,31.3
09/07/09,29.78
09/07/10,29.02
09/07/13,26.31
09/07/14,25.02
09/07/15,25.89
09/07/16,25.42
09/07/17,24.34
09/07/20,24.4
09/07/21,23.87
09/07/22,23.47
09/07/23,23.43
09/07/24,23.09
09/07/27,24.28
09/07/28,25.01
09/07/29,25.61
09/07/30,25.4
09/07/31,25.92
09/08/03,25.56
09/08/04,24.89
09/08/05,24.9
09/08/06,25.67
09/08/07,24.76
09/08/10,24.99
09/08/11,25.99
09/08/12,25.45
09/08/13,24.71
09/08/14,24.27
09/08/17,27.89
09/08/18,26.18
09/08/19,26.26
09/08/20,25.09
09/08/21,25.01
09/08/24,25.14
09/08/25,24.92
09/08/26,24.95
09/08/27,24.68
09/08/28,24.76
09/08/31,26.01
09/09/01,29.15
09/09/02,28.9
09/09/03,27.1
09/09/04,25.26
09/09/08,25.62
09/09/09,24.32
09/09/10,23.55
09/09/11,24.15
09/09/14,23.86
09/09/15,23.42
09/09/16,23.69
09/09/17,23.65
09/09/18,23.92
09/09/21,24.06
09/09/22,23.08
09/09/23,23.49
09/09/24,24.95
09/09/25,25.61
09/09/28,24.88
09/09/29,25.19
09/09/30,25.61
09/10/01,28.27
09/10/02,28.68
09/10/05,26.84
09/10/06,25.7
09/10/07,24.68
09/10/08,24.18
09/10/09,23.12
09/10/12,23.01
09/10/13,22.99
09/10/14,22.86
09/10/15,21.72
09/10/16,21.43
09/10/19,21.49
09/10/20,20.9
09/10/21,22.22
09/10/22,20.69
09/10/23,22.27
09/10/26,24.31
09/10/27,24.83
09/10/28,27.91
09/10/29,24.76
09/10/30,30.69
09/11/02,29.78
09/11/03,28.81
09/11/04,27.72
09/11/05,25.43
09/11/06,24.19
09/11/09,23.15
09/11/10,22.84
09/11/11,23.04
09/11/12,24.24
09/11/13,23.36
09/11/16,22.89
09/11/17,22.41
09/11/18,21.63
09/11/19,22.63
09/11/20,22.19
09/11/23,21.16
09/11/24,20.47
09/11/25,20.48
09/11/27,24.74
09/11/30,24.51
09/12/01,21.92
09/12/02,21.12
09/12/03,22.46
09/12/04,21.25
09/12/07,22.1
09/12/08,23.69
09/12/09,22.66
09/12/10,22.32
09/12/11,21.59
09/12/14,21.15
09/12/15,21.49
09/12/16,20.54
09/12/17,22.51
09/12/18,21.68
09/12/21,20.49
09/12/22,19.54
09/12/23,19.71
09/12/24,19.47
09/12/28,19.93
09/12/29,20.01
09/12/30,19.96
09/12/31,21.68
10/01/04,20.04
10/01/05,19.35
10/01/06,19.16
10/01/07,19.06
10/01/08,18.13
10/01/11,17.55
10/01/12,18.25
10/01/13,17.85
10/01/14,17.63
10/01/15,17.91
10/01/19,17.58
10/01/20,18.68
10/01/21,22.27
10/01/22,27.31
10/01/25,25.41
10/01/26,24.55
10/01/27,23.14
10/01/28,23.73
10/01/29,24.62
10/02/01,22.59
10/02/02,21.48
10/02/03,21.6
10/02/04,26.08
10/02/05,26.11
10/02/08,26.51
10/02/09,26.0
10/02/10,25.4
10/02/11,23.96
10/02/12,22.73
10/02/16,22.25
10/02/17,21.72
10/02/18,20.63
10/02/19,20.02
10/02/22,19.94
10/02/23,21.37
10/02/24,20.27
10/02/25,20.1
10/02/26,19.5
10/03/01,19.26
10/03/02,19.06
10/03/03,18.83
10/03/04,18.72
10/03/05,17.42
10/03/08,17.79
10/03/09,17.92
10/03/10,18.57
10/03/11,18.06
10/03/12,17.58
10/03/15,18.0
10/03/16,17.69
10/03/17,16.91
10/03/18,16.62
10/03/19,16.97
10/03/22,16.87
10/03/23,16.35
10/03/24,17.55
10/03/25,18.4
10/03/26,17.77
10/03/29,17.59
10/03/30,17.13
10/03/31,17.59
10/04/01,17.47
10/04/05,17.02
10/04/06,16.23
10/04/07,16.62
10/04/08,16.48
10/04/09,16.14
10/04/12,15.58
10/04/13,16.2
10/04/14,15.59
10/04/15,15.89
10/04/16,18.36
10/04/19,17.34
10/04/20,15.73
10/04/21,16.32
10/04/22,16.47
10/04/23,16.62
10/04/26,17.47
10/04/27,22.81
10/04/28,21.08
10/04/29,18.44
10/04/30,22.05
10/05/03,20.19
10/05/04,23.84
10/05/05,24.91
10/05/06,32.8
10/05/07,40.95
10/05/10,28.84
10/05/11,28.32
10/05/12,25.52
10/05/13,26.68
10/05/14,31.24
10/05/17,30.84
10/05/18,33.55
10/05/19,35.32
10/05/20,45.79
10/05/21,40.1
10/05/24,38.32
10/05/25,34.61
10/05/26,35.02
10/05/27,29.68
10/05/28,32.07
10/06/01,35.54
10/06/02,30.17
10/06/03,29.46
10/06/04,35.48
10/06/07,36.57
10/06/08,33.7
10/06/09,33.73
10/06/10,30.57
10/06/11,28.79
10/06/14,28.58
10/06/15,25.87
10/06/16,25.92
10/06/17,25.05
10/06/18,23.95
10/06/21,24.88
10/06/22,27.05
10/06/23,26.91
10/06/24,29.74
10/06/25,28.53
10/06/28,29.0
10/06/29,34.13
10/06/30,34.54
10/07/01,32.86
10/07/02,30.12
10/07/06,29.65
10/07/07,26.84
10/07/08,25.71
10/07/09,24.98
10/07/12,24.43
10/07/13,24.56
10/07/14,24.89
10/07/15,25.14
10/07/16,26.25
10/07/19,25.97
10/07/20,23.93
10/07/21,25.64
10/07/22,24.63
10/07/23,23.47
10/07/26,22.73
10/07/27,23.19
10/07/28,24.25
10/07/29,24.13
10/07/30,23.5
10/08/02,22.01
10/08/03,22.63
10/08/04,22.21
10/08/05,22.1
10/08/06,21.74
10/08/09,22.14
10/08/10,22.37
10/08/11,25.39
10/08/12,25.73
10/08/13,26.24
10/08/16,26.1
10/08/17,24.33
10/08/18,24.59
10/08/19,26.44
10/08/20,25.49
10/08/23,25.66
10/08/24,27.46
10/08/25,26.7
10/08/26,27.37
10/08/27,24.45
10/08/30,27.21
10/08/31,26.05
10/09/01,23.89
10/09/02,23.19
10/09/03,21.31
10/09/07,23.8
10/09/08,23.25
10/09/09,22.81
10/09/10,21.99
10/09/13,21.21
10/09/14,21.56
10/09/15,22.1
10/09/16,21.72
10/09/17,22.01
10/09/20,21.5
10/09/21,22.35
10/09/22,22.51
10/09/23,23.87
10/09/24,21.71
10/09/27,22.54
10/09/28,22.6
10/09/29,23.25
10/09/30,23.7
10/10/01,22.5
10/10/04,23.53
10/10/05,21.76
10/10/06,21.49
10/10/07,21.56
10/10/08,20.71
10/10/11,18.96
10/10/12,18.93
10/10/13,19.07
10/10/14,19.88
10/10/15,19.03
10/10/18,19.09
10/10/19,20.63
10/10/20,19.79
10/10/21,19.27
10/10/22,18.78
10/10/25,19.85
10/10/26,20.22
10/10/27,20.71
10/10/28,20.88
10/10/29,21.2
10/11/01,21.83
10/11/02,21.57
10/11/03,19.56
10/11/04,18.52
10/11/05,18.26
10/11/08,18.29
10/11/09,19.08
10/11/10,18.47
10/11/11,18.64
10/11/12,20.61
10/11/15,20.2
10/11/16,22.58
10/11/17,21.76
10/11/18,18.75
10/11/19,18.04
10/11/22,18.37
10/11/23,20.63
10/11/24,19.56
10/11/26,22.22
10/11/29,21.53
10/11/30,23.54
10/12/01,21.36
10/12/02,19.39
10/12/03,18.01
10/12/06,18.02
10/12/07,17.99
10/12/08,17.74
10/12/09,17.25
10/12/10,17.61
10/12/13,17.55
10/12/14,17.61
10/12/15,17.94
10/12/16,17.39
10/12/17,16.11
10/12/20,16.41
10/12/21,16.49
10/12/22,15.45
10/12/23,16.47
10/12/27,17.67
10/12/28,17.52
10/12/29,17.28
10/12/30,17.52
10/12/31,17.75
11/01/03,17.61
11/01/04,17.38
11/01/05,17.02
11/01/06,17.4
11/01/07,17.14
11/01/10,17.54
11/01/11,16.89
11/01/12,16.24
11/01/13,16.39
11/01/14,15.46
11/01/18,15.87
11/01/19,17.31
11/01/20,17.99
11/01/21,18.47
11/01/24,17.65
11/01/25,17.59
11/01/26,16.64
11/01/27,16.15
11/01/28,20.04
11/01/31,19.53
11/02/01,17.63
11/02/02,17.3
11/02/03,16.69
11/02/04,15.93
11/02/07,16.28
11/02/08,15.81
11/02/09,15.87
11/02/10,16.09
11/02/11,15.69
11/02/14,15.95
11/02/15,16.37
11/02/16,16.72
11/02/17,16.59
11/02/18,16.43
11/02/22,20.8
11/02/23,22.13
11/02/24,21.32
11/02/25,19.22
11/02/28,18.35
11/03/01,21.01
11/03/02,20.7
11/03/03,18.6
11/03/04,19.06
11/03/07,20.66
11/03/08,19.82
11/03/09,20.22
11/03/10,21.88
11/03/11,20.08
11/03/14,21.13
11/03/15,24.32
11/03/16,29.4
11/03/17,26.37
11/03/18,24.44
11/03/21,20.61
11/03/22,20.21
11/03/23,19.17
11/03/24,18.0
11/03/25,17.91
11/03/28,19.44
11/03/29,18.16
11/03/30,17.71
11/03/31,17.74
11/04/01,17.4
11/04/04,17.5
11/04/05,17.25
11/04/06,16.9
11/04/07,17.11
11/04/08,17.87
11/04/11,16.59
11/04/12,17.09
11/04/13,16.92
11/04/14,16.27
11/04/15,15.32
11/04/18,16.96
11/04/19,15.83
11/04/20,15.07
11/04/21,14.69
11/04/25,15.77
11/04/26,15.62
11/04/27,15.35
11/04/28,14.62
11/04/29,14.75
11/05/02,15.99
11/05/03,16.7
11/05/04,17.08
11/05/05,18.2
11/05/06,18.4
11/05/09,17.16
11/05/10,15.91
11/05/11,16.95
11/05/12,16.03
11/05/13,17.07
11/05/16,18.24
11/05/17,17.55
11/05/18,16.23
11/05/19,15.52
11/05/20,17.43
11/05/23,18.27
11/05/24,17.82
11/05/25,17.07
11/05/26,16.09
11/05/27,15.98
11/05/31,15.45
11/06/01,18.3
11/06/02,18.09
11/06/03,17.95
11/06/06,18.49
11/06/07,18.07
11/06/08,18.79
11/06/09,17.77
11/06/10,18.86
11/06/13,19.61
11/06/14,18.26
11/06/15,21.32
11/06/16,22.73
11/06/17,21.85
11/06/20,19.99
11/06/21,18.86
11/06/22,18.52
11/06/23,19.29
11/06/24,21.1
11/06/27,20.56
11/06/28,19.17
11/06/29,17.27
11/06/30,16.52
11/07/01,15.87
11/07/05,16.06
11/07/06,16.34
11/07/07,15.95
11/07/08,15.95
11/07/11,18.39
11/07/12,19.87
11/07/13,19.91
11/07/14,20.8
11/07/15,19.53
11/07/18,20.95
11/07/19,19.21
11/07/20,19.09
11/07/21,17.56
11/07/22,17.52
11/07/25,19.35
11/07/26,20.23
11/07/27,22.98
11/07/28,23.74
11/07/29,25.25
11/08/01,23.66
11/08/02,24.79
11/08/03,23.38
11/08/04,31.66
11/08/05,32.0
11/08/08,48.0
11/08/09,35.06
11/08/10,42.99
11/08/11,39.0
11/08/12,36.36
11/08/15,31.87
11/08/16,32.85
11/08/17,31.58
11/08/18,42.67
11/08/19,43.05
11/08/22,42.44
11/08/23,36.27
11/08/24,35.9
11/08/25,39.76
11/08/26,35.59
11/08/29,32.28
11/08/30,32.89
11/08/31,31.62
11/09/01,31.82
11/09/02,33.92
11/09/06,37.0
11/09/07,33.38
11/09/08,34.32
11/09/09,38.52
11/09/12,38.59
11/09/13,36.91
11/09/14,34.6
11/09/15,31.97
11/09/16,30.98
11/09/19,32.73
11/09/20,32.86
11/09/21,37.32
11/09/22,41.35
11/09/23,41.25
11/09/26,39.02
11/09/27,37.71
11/09/28,41.08
11/09/29,38.84
11/09/30,42.96
11/10/03,45.45
11/10/04,40.82
11/10/05,37.81
11/10/06,36.27
11/10/07,36.2
11/10/10,33.02
11/10/11,32.86
11/10/12,31.26
11/10/13,30.7
11/10/14,28.24
11/10/17,33.39
11/10/18,31.56
11/10/19,34.44
11/10/20,34.78
11/10/21,31.32
11/10/24,29.26
11/10/25,32.22
11/10/26,29.86
11/10/27,25.46
11/10/28,24.53
11/10/31,29.96
11/11/01,34.77
11/11/02,32.74
11/11/03,30.5
11/11/04,30.16
11/11/07,29.85
11/11/08,27.48
11/11/09,36.16
11/11/10,32.81
11/11/11,30.04
11/11/14,31.13
11/11/15,31.22
11/11/16,33.51
11/11/17,34.51
11/11/18,32.0
11/11/21,32.91
11/11/22,31.97
11/11/23,33.98
11/11/25,34.47
11/11/28,32.13
11/11/29,30.64
11/11/30,27.8
11/12/01,27.41
11/12/02,27.52
11/12/05,27.84
11/12/06,28.13
11/12/07,28.67
11/12/08,30.59
11/12/09,26.38
11/12/12,25.67
11/12/13,25.41
11/12/14,26.04
11/12/15,25.11
11/12/16,24.29
11/12/19,24.92
11/12/20,23.22
11/12/21,21.43
11/12/22,21.16
11/12/23,20.73
11/12/27,21.91
11/12/28,23.52
11/12/29,22.65
11/12/30,23.4
12/01/03,22.97
12/01/04,22.22
12/01/05,21.48
12/01/06,20.63
12/01/09,21.07
12/01/10,20.69
12/01/11,21.05
12/01/12,20.47
12/01/13,20.91
12/01/17,22.2
12/01/18,20.89
12/01/19,19.87
12/01/20,18.28
12/01/23,18.67
12/01/24,18.91
12/01/25,18.31
12/01/26,18.57
12/01/27,18.53
12/01/30,19.4
12/01/31,19.44
12/02/01,18.55
12/02/02,17.98
12/02/03,17.1
12/02/06,17.76
12/02/07,17.65
12/02/08,18.16
12/02/09,18.63
12/02/10,20.79
12/02/13,19.04
12/02/14,19.54
12/02/15,21.14
12/02/16,19.22
12/02/17,17.78
12/02/21,18.19
12/02/22,18.19
12/02/23,16.8
12/02/24,17.31
12/02/27,18.19
12/02/28,17.96
12/02/29,18.43
12/03/01,17.26
12/03/02,17.29
12/03/05,18.05
12/03/06,20.87
12/03/07,19.07
12/03/08,17.95
12/03/09,17.11
12/03/12,15.64
12/03/13,14.8
12/03/14,15.31
12/03/15,15.42
12/03/16,14.47
12/03/19,15.04
12/03/20,15.58
12/03/21,15.13
12/03/22,15.57
12/03/23,14.82
12/03/26,14.26
12/03/27,15.59
12/03/28,15.47
12/03/29,15.48
12/03/30,15.5
12/04/02,15.64
12/04/03,15.66
12/04/04,16.44
12/04/05,16.7
12/04/09,18.81
12/04/10,20.39
12/04/11,20.02
12/04/12,17.2
12/04/13,19.55
12/04/16,19.55
12/04/17,18.46
12/04/18,18.64
12/04/19,18.36
12/04/20,17.44
12/04/23,18.97
12/04/24,18.1
12/04/25,16.82
12/04/26,16.24
12/04/27,16.32
12/04/30,17.15
12/05/01,16.6
12/05/02,16.88
12/05/03,17.56
12/05/04,19.16
12/05/07,18.94
12/05/08,19.05
12/05/09,20.08
12/05/10,18.83
12/05/11,19.89
12/05/14,21.87
12/05/15,21.97
12/05/16,22.27
12/05/17,24.49
12/05/18,25.1
12/05/21,22.01
12/05/22,22.48
12/05/23,22.33
12/05/24,21.54
12/05/25,21.76
12/05/29,21.03
12/05/30,24.14
12/05/31,24.06
12/06/01,26.66
12/06/04,26.12
12/06/05,24.68
12/06/06,22.16
12/06/07,21.72
12/06/08,21.23
12/06/11,23.56
12/06/12,22.09
12/06/13,24.27
12/06/14,21.68
12/06/15,21.11
12/06/18,18.32
12/06/19,18.38
12/06/20,17.24
12/06/21,20.08
12/06/22,18.11
12/06/25,20.38
12/06/26,19.72
12/06/27,19.45
12/06/28,19.71
12/06/29,17.08
12/07/02,16.74
12/07/03,16.66
12/07/05,17.5
12/07/06,17.1
12/07/09,17.98
12/07/10,18.72
12/07/11,17.95
12/07/12,18.33
12/07/13,16.74
12/07/16,17.11
12/07/17,16.48
12/07/18,16.16
12/07/19,15.45
12/07/20,16.27
12/07/23,18.62
12/07/24,20.47
12/07/25,19.34
12/07/26,17.53
12/07/27,16.7
12/07/30,18.03
12/07/31,18.93
12/08/01,18.96
12/08/02,17.57
12/08/03,15.64
12/08/06,15.95
12/08/07,15.99
12/08/08,15.32
12/08/09,15.28
12/08/10,14.74
12/08/13,13.7
12/08/14,14.85
12/08/15,14.63
12/08/16,14.29
12/08/17,13.45
12/08/20,14.02
12/08/21,15.02
12/08/22,15.11
12/08/23,15.96
12/08/24,15.18
12/08/27,16.35
12/08/28,16.49
12/08/29,17.06
12/08/30,17.83
12/08/31,17.47
12/09/04,17.98
12/09/05,17.74
12/09/06,15.6
12/09/07,14.38
12/09/10,16.28
12/09/11,16.41
12/09/12,15.8
12/09/13,14.05
12/09/14,14.51
12/09/17,14.59
12/09/18,14.18
12/09/19,13.88
12/09/20,14.07
12/09/21,13.98
12/09/24,14.15
12/09/25,15.43
12/09/26,16.81
12/09/27,14.84
12/09/28,15.73
12/10/01,16.32
12/10/02,15.71
12/10/03,15.43
12/10/04,14.55
12/10/05,14.33
12/10/08,15.11
12/10/09,16.37
12/10/10,16.29
12/10/11,15.59
12/10/12,16.14
12/10/15,15.27
12/10/16,15.22
12/10/17,15.07
12/10/18,15.03
12/10/19,17.06
12/10/22,16.62
12/10/23,18.83
12/10/24,18.33
12/10/25,18.12
12/10/26,17.81
12/10/31,18.6
12/11/01,16.69
12/11/02,17.59
12/11/05,18.42
12/11/06,17.58
12/11/07,19.08
12/11/08,18.49
12/11/09,18.61
12/11/12,16.68
12/11/13,16.65
12/11/14,17.92
12/11/15,17.99
12/11/16,16.41
12/11/19,15.24
12/11/20,15.08
12/11/21,15.31
12/11/23,15.14
12/11/26,15.5
12/11/27,15.92
12/11/28,15.51
12/11/29,15.06
12/11/30,15.87
12/12/03,16.64
12/12/04,17.12
12/12/05,16.46
12/12/06,16.58
12/12/07,15.9
12/12/10,16.05
12/12/11,15.57
12/12/12,15.95
12/12/13,16.56
12/12/14,17.0
12/12/17,16.34
12/12/18,15.57
12/12/19,17.36
12/12/20,17.67
12/12/21,17.84
12/12/24,18.59
12/12/26,19.48
12/12/27,19.47
12/12/28,22.72
12/12/31,18.02
13/01/02,14.68
13/01/03,14.56
13/01/04,13.83
13/01/07,13.79
13/01/08,13.62
13/01/09,13.81
13/01/10,13.49
13/01/11,13.36
13/01/14,13.52
13/01/15,13.55
13/01/16,13.42
13/01/17,13.57
13/01/18,12.46
13/01/22,12.43
13/01/23,12.46
13/01/24,12.69
13/01/25,12.89
13/01/28,13.57
13/01/29,13.31
13/01/30,14.32
13/01/31,14.28
13/02/01,12.9
13/02/04,14.67
13/02/05,13.72
13/02/06,13.41
13/02/07,13.5
13/02/08,13.02
13/02/11,12.94
13/02/12,12.64
13/02/13,12.98
13/02/14,12.66
13/02/15,12.46
13/02/19,12.31
13/02/20,14.68
13/02/21,15.22
13/02/22,14.17
13/02/25,18.99
13/02/26,16.87
13/02/27,14.73
13/02/28,15.51
13/03/01,15.36
13/03/04,14.01
13/03/05,13.48
13/03/06,13.53
13/03/07,13.06
13/03/08,12.59
13/03/11,11.56
13/03/12,12.27
13/03/13,11.83
13/03/14,11.3
13/03/15,11.3
13/03/18,13.36
13/03/19,14.39
13/03/20,12.67
13/03/21,13.99
13/03/22,13.57
13/03/25,13.74
13/03/26,12.77
13/03/27,13.15
13/03/28,12.7
13/04/01,13.58
13/04/02,12.78
13/04/03,14.21
13/04/04,13.89
13/04/05,13.92
13/04/08,13.19
13/04/09,12.84
13/04/10,12.36
13/04/11,12.24
13/04/12,12.06
13/04/15,17.27
13/04/16,13.96
13/04/17,16.51
13/04/18,17.56
13/04/19,14.97
13/04/22,14.39
13/04/23,13.48
13/04/24,13.61
13/04/25,13.62
13/04/26,13.61
13/04/29,13.71
13/04/30,13.52
13/05/01,14.49
13/05/02,13.59
13/05/03,12.85
13/05/06,12.66
13/05/07,12.83
13/05/08,12.66
13/05/09,13.13
13/05/10,12.59
13/05/13,12.55
13/05/14,12.77
13/05/15,12.81
13/05/16,13.07
13/05/17,12.45
13/05/20,13.02
13/05/21,13.37
13/05/22,13.82
13/05/23,14.07
13/05/24,13.99
13/05/28,14.48
13/05/29,14.83
13/05/30,14.53
13/05/31,16.3
13/06/03,16.28
13/06/04,16.27
13/06/05,17.5
13/06/06,16.63
13/06/07,15.14
13/06/10,15.44
13/06/11,17.07
13/06/12,18.59
13/06/13,16.41
13/06/14,17.15
13/06/17,16.8
13/06/18,16.61
13/06/19,16.64
13/06/20,20.49
13/06/21,18.9
13/06/24,20.11
13/06/25,18.47
13/06/26,17.21
13/06/27,16.86
13/06/28,16.86
13/07/01,16.37
13/07/02,16.44
13/07/03,16.2
13/07/05,14.89
13/07/08,14.78
13/07/09,14.35
13/07/10,14.21
13/07/11,14.01
13/07/12,13.84
13/07/15,13.79
13/07/16,14.42
13/07/17,13.78
13/07/18,13.77
13/07/19,12.54
13/07/22,12.29
13/07/23,12.66
13/07/24,13.18
13/07/25,12.97
13/07/26,12.72
13/07/29,13.39
13/07/30,13.39
13/07/31,13.45
13/08/01,12.94
13/08/02,11.98
13/08/05,11.84
13/08/06,12.72
13/08/07,12.98
13/08/08,12.73
13/08/09,13.41
13/08/12,12.81
13/08/13,12.31
13/08/14,13.04
13/08/15,14.73
13/08/16,14.37
13/08/19,15.1
13/08/20,14.91
13/08/21,15.94
13/08/22,14.76
13/08/23,13.98
13/08/26,14.99
13/08/27,16.77
13/08/28,16.49
13/08/29,16.81
13/08/30,17.01
13/09/03,16.61
13/09/04,15.88
13/09/05,15.77
13/09/06,15.85
13/09/09,15.63
13/09/10,14.53
13/09/11,13.82
13/09/12,14.29
13/09/13,14.16
13/09/16,14.38
13/09/17,14.53
13/09/18,13.59
13/09/19,13.16
13/09/20,13.12
13/09/23,14.31
13/09/24,14.08
13/09/25,14.01
13/09/26,14.06
13/09/27,15.46
13/09/30,16.6
13/10/01,15.54
13/10/02,16.6
13/10/03,17.67
13/10/04,16.74
13/10/07,19.41
13/10/08,20.34
13/10/09,19.6
13/10/10,16.48
13/10/11,15.72
13/10/14,16.07
13/10/15,18.66
13/10/16,14.71
13/10/17,13.48
13/10/18,13.04
13/10/21,13.16
13/10/22,13.33
13/10/23,13.42
13/10/24,13.2
13/10/25,13.09
13/10/28,13.31
13/10/29,13.41
13/10/30,13.65
13/10/31,13.75
13/11/01,13.28
13/11/04,12.93
13/11/05,13.27
13/11/06,12.67
13/11/07,13.91
13/11/08,12.9
13/11/11,12.53
13/11/12,12.82
13/11/13,12.52
13/11/14,12.37
13/11/15,12.19
13/11/18,13.1
13/11/19,13.39
13/11/20,13.4
13/11/21,12.66
13/11/22,12.26
13/11/25,12.79
13/11/26,12.81
13/11/27,12.98
13/11/29,13.7
13/12/02,14.23
13/12/03,14.55
13/12/04,14.7
13/12/05,15.08
13/12/06,13.79
13/12/09,13.49
13/12/10,13.91
13/12/11,15.42
13/12/12,15.54
13/12/13,15.76
13/12/16,16.03
13/12/17,16.21
13/12/18,13.8
13/12/19,14.15
13/12/20,13.79
13/12/23,13.04
13/12/24,12.48
13/12/26,12.33
13/12/27,12.46
13/12/30,13.56
13/12/31,13.72
14/01/02,14.23
14/01/03,13.76
14/01/06,13.55
14/01/07,12.92
14/01/08,12.87
14/01/09,12.89
14/01/10,12.14
14/01/13,13.28
14/01/14,12.28
14/01/15,12.28
14/01/16,12.53
14/01/17,12.44
14/01/21,12.87
14/01/22,12.84
14/01/23,13.77
14/01/24,18.14
14/01/27,17.42
14/01/28,15.8
14/01/29,17.35
14/01/30,17.29
14/01/31,18.41
14/02/03,21.44
14/02/04,19.11
14/02/05,19.95
14/02/06,17.23
14/02/07,15.29
14/02/10,15.26
14/02/11,14.51
14/02/12,14.3
14/02/13,14.14
14/02/14,13.57
14/02/18,13.87
14/02/19,15.5
14/02/20,14.79
14/02/21,14.68
14/02/24,14.23
14/02/25,13.67
14/02/26,14.35
14/02/27,14.04
14/02/28,14.0
14/03/03,16.0
14/03/04,14.1
14/03/05,13.89
14/03/06,14.21
14/03/07,14.11
14/03/10,14.2
14/03/11,14.8
14/03/12,14.47
14/03/13,16.22
14/03/14,17.82
14/03/17,15.64
14/03/18,14.52
14/03/19,15.12
14/03/20,14.52
14/03/21,15.0
14/03/24,15.09
14/03/25,14.02
14/03/26,14.93
14/03/27,14.62
14/03/28,14.41
14/03/31,13.88
14/04/01,13.1
14/04/02,13.09
14/04/03,13.37
14/04/04,13.96
14/04/07,15.57
14/04/08,14.89
14/04/09,13.82
14/04/10,15.89
14/04/11,17.03
14/04/14,16.11
14/04/15,15.61
14/04/16,14.18
14/04/17,13.36
14/04/21,13.25
14/04/22,13.19
14/04/23,13.27
14/04/24,13.32
14/04/25,14.06
14/04/28,13.97
14/04/29,13.71
14/04/30,13.41
14/05/01,13.25
14/05/02,12.91
14/05/05,13.29
14/05/06,13.8
14/05/07,13.4
14/05/08,13.43
14/05/09,12.92
14/05/12,12.23
14/05/13,12.13
14/05/14,12.17
14/05/15,13.17
14/05/16,12.44
14/05/19,12.42
14/05/20,12.96
14/05/21,11.91
14/05/22,12.03
14/05/23,11.36
14/05/27,11.51
14/05/28,11.68
14/05/29,11.57
14/05/30,11.4
14/06/02,11.58
14/06/03,11.87
14/06/04,12.08
14/06/05,11.68
14/06/06,10.73
14/06/09,11.15
14/06/10,10.99
14/06/11,11.6
14/06/12,12.56
14/06/13,12.18
14/06/16,12.65
14/06/17,12.06
14/06/18,10.61
14/06/19,10.62
14/06/20,10.85
14/06/23,10.98
14/06/24,12.13
14/06/25,11.59
14/06/26,11.63
14/06/27,11.26
14/06/30,11.57
14/07/01,11.15
14/07/02,10.82
14/07/03,10.32
14/07/07,11.33
14/07/08,11.98
14/07/09,11.65
14/07/10,12.59
14/07/11,12.08
14/07/14,11.82
14/07/15,11.96
14/07/16,11.0
14/07/17,14.54
14/07/18,12.06
14/07/21,12.81
14/07/22,12.24
14/07/23,11.52
14/07/24,11.84
14/07/25,12.69
14/07/28,12.56
14/07/29,13.28
14/07/30,13.33
14/07/31,16.95
14/08/01,17.03
14/08/04,15.12
14/08/05,16.87
14/08/06,16.37
14/08/07,16.66
14/08/08,15.77
14/08/11,14.23
14/08/12,14.13
14/08/13,12.9
14/08/14,12.42
14/08/15,13.15
14/08/18,12.32
14/08/19,12.21
14/08/20,11.78
14/08/21,11.76
14/08/22,11.47
14/08/25,11.7
14/08/26,11.63
14/08/27,11.78
14/08/28,12.05
14/08/29,11.98
14/09/02,12.25
14/09/03,12.36
14/09/04,12.64
14/09/05,12.09
14/09/08,12.66
14/09/09,13.5
14/09/10,12.88
14/09/11,12.8
14/09/12,13.31
14/09/15,14.12
14/09/16,12.73
14/09/17,12.65
14/09/18,12.03
14/09/19,12.11
14/09/22,13.69
14/09/23,14.93
14/09/24,13.27
14/09/25,15.64
14/09/26,14.85
14/09/29,15.98
14/09/30,16.31
14/10/01,16.71
14/10/02,16.16
14/10/03,14.55
14/10/06,15.46
14/10/07,17.2
14/10/08,15.11
14/10/09,18.76
14/10/10,21.24
14/10/13,24.64
14/10/14,22.79
14/10/15,26.25
14/10/16,25.2
14/10/17,21.99
14/10/20,18.57
14/10/21,16.08
14/10/22,17.87
14/10/23,16.53
14/10/24,16.11
14/10/27,16.04
14/10/28,14.39
14/10/29,15.15
14/10/30,14.52
14/10/31,14.03
14/11/03,14.73
14/11/04,14.89
14/11/05,14.17
14/11/06,13.67
14/11/07,13.12
14/11/10,12.67
14/11/11,12.92
14/11/12,13.02
14/11/13,13.79
14/11/14,13.31
14/11/17,13.99
14/11/18,13.86
14/11/19,13.96
14/11/20,13.58
14/11/21,12.9
14/11/24,12.62
14/11/25,12.25
14/11/26,12.07
14/11/28,13.33
14/12/01,14.29
14/12/02,12.85
14/12/03,12.47
14/12/04,12.38
14/12/05,11.82
14/12/08,14.21
14/12/09,14.89
14/12/10,18.53
14/12/11,20.08
14/12/12,21.08
14/12/15,20.42
14/12/16,23.57
14/12/17,19.44
14/12/18,16.81
14/12/19,16.49
14/12/22,15.25
14/12/23,14.8
14/12/24,14.37
14/12/26,14.5
14/12/29,15.06
14/12/30,15.92
14/12/31,19.2
15/01/02,17.79
15/01/05,19.92
15/01/06,21.12
15/01/07,19.31
15/01/08,17.01
15/01/09,17.55
15/01/12,19.6
15/01/13,20.56
15/01/14,21.48
15/01/15,22.39
15/01/16,20.95
15/01/20,19.89
15/01/21,18.85
15/01/22,16.4
15/01/23,16.66
15/01/26,15.52
15/01/27,17.22
15/01/28,20.44
15/01/29,18.76
15/01/30,20.97
15/02/02,19.43
15/02/03,17.33
15/02/04,18.33
15/02/05,16.85
15/02/06,17.29
15/02/09,18.55
15/02/10,17.23
15/02/11,16.96
15/02/12,15.34
15/02/13,14.69
15/02/17,15.8
15/02/18,15.45
15/02/19,15.29
15/02/20,14.3
15/02/23,14.56
15/02/24,13.69
15/02/25,13.84
15/02/26,13.91
15/02/27,13.34
15/03/02,13.04
15/03/03,13.86
15/03/04,14.23
15/03/05,14.04
15/03/06,15.2
15/03/09,15.06
15/03/10,16.69
15/03/11,16.87
15/03/12,15.42
15/03/13,16.0
15/03/16,15.61
15/03/17,15.66
15/03/18,13.97
15/03/19,14.07
15/03/20,13.02
15/03/23,13.41
15/03/24,13.62
15/03/25,15.44
15/03/26,15.8
15/03/27,15.07
15/03/30,14.51
15/03/31,15.29
15/04/01,15.11
15/04/02,14.67
15/04/06,14.74
15/04/07,14.78
15/04/08,13.98
15/04/09,13.09
15/04/10,12.58
15/04/13,13.94
15/04/14,13.67
15/04/15,12.84
15/04/16,12.6
15/04/17,13.89
15/04/20,13.3
15/04/21,13.25
15/04/22,12.71
15/04/23,12.48
15/04/24,12.29
15/04/27,13.12
15/04/28,12.41
15/04/29,13.39
15/04/30,14.55
15/05/01,12.7
15/05/04,12.85
15/05/05,14.31
15/05/06,15.15
15/05/07,15.13
15/05/08,12.86
15/05/11,13.85
15/05/12,13.86
15/05/13,13.76
15/05/14,12.74
15/05/15,12.38
15/05/18,12.73
15/05/19,12.85
15/05/20,12.88
15/05/21,12.11
15/05/22,12.13
15/05/26,14.06
15/05/27,13.27
15/05/28,13.31
15/05/29,13.84
15/06/01,13.97
15/06/02,14.24
15/06/03,13.66
15/06/04,14.71
15/06/05,14.21
15/06/08,15.29
15/06/09,14.47
15/06/10,13.22
15/06/11,12.85
15/06/12,13.78
15/06/15,15.39
15/06/16,14.81
15/06/17,14.5
15/06/18,13.19
15/06/19,13.96
15/06/22,12.74
15/06/23,12.11
15/06/24,13.26
15/06/25,14.01
15/06/26,14.02
15/06/29,18.85
15/06/30,18.23
15/07/01,16.09
15/07/02,16.79
15/07/06,17.01
15/07/07,16.09
15/07/08,19.66
15/07/09,19.97
15/07/10,16.83
15/07/13,13.9
15/07/14,13.37
15/07/15,13.23
15/07/16,12.11
15/07/17,11.95
15/07/20,12.25
15/07/21,12.22
15/07/22,12.12
15/07/23,12.64
15/07/24,13.74
15/07/27,15.6
15/07/28,13.44
15/07/29,12.5
15/07/30,12.13
15/07/31,12.12
15/08/03,12.56
15/08/04,13.0
15/08/05,12.51
15/08/06,13.77
15/08/07,13.39
15/08/10,12.23
15/08/11,13.71
15/08/12,13.61
15/08/13,13.49
15/08/14,12.83
15/08/17,13.02
15/08/18,13.79
15/08/19,15.25
15/08/20,19.14
15/08/21,28.03
15/08/24,40.74
15/08/25,36.02
15/08/26,30.32
15/08/27,26.1
15/08/28,26.05
15/08/31,28.43
15/09/01,31.4
15/09/02,26.09
15/09/03,25.61
15/09/04,27.8
15/09/08,24.9
15/09/09,26.23
15/09/10,24.37
15/09/11,23.2
15/09/14,24.25
15/09/15,22.54
15/09/16,21.35
15/09/17,21.14
15/09/18,22.28
15/09/21,20.14
15/09/22,22.44
15/09/23,22.13
15/09/24,23.47
15/09/25,23.62
15/09/28,27.63
15/09/29,26.83
15/09/30,24.5
15/10/01,22.55
15/10/02,20.94
15/10/05,19.54
15/10/06,19.4
15/10/07,18.4
15/10/08,17.42
15/10/09,17.08
15/10/12,16.17
15/10/13,17.67
15/10/14,18.03
15/10/15,16.05
15/10/16,15.05
15/10/19,14.98
15/10/20,15.75
15/10/21,16.7
15/10/22,14.45
15/10/23,14.46
15/10/26,15.29
15/10/27,15.43
15/10/28,14.33
15/10/29,14.61
15/10/30,15.07
15/11/02,14.15
15/11/03,14.54
15/11/04,15.51
15/11/05,15.05
15/11/06,14.33
15/11/09,16.52
15/11/10,15.29
15/11/11,16.06
15/11/12,18.37
15/11/13,20.08
15/11/16,18.16
15/11/17,18.84
15/11/18,16.85
15/11/19,16.99
15/11/20,15.47
15/11/23,15.62
15/11/24,15.93
15/11/25,15.19
15/11/27,15.12
15/11/30,16.13
15/12/01,14.67
15/12/02,15.91
15/12/03,18.11
15/12/04,14.81
15/12/07,15.84
15/12/08,17.6
15/12/09,19.61
15/12/10,19.34
15/12/11,24.39
15/12/14,22.73
15/12/15,20.95
15/12/16,17.86
15/12/17,18.94
15/12/18,20.7
15/12/21,18.7
15/12/22,16.6
15/12/23,15.57
15/12/24,15.74
15/12/28,16.91
15/12/29,16.08
15/12/30,17.29
15/12/31,18.21
16/01/04,20.7
16/01/05,19.34
16/01/06,20.59
16/01/07,24.99
16/01/08,27.01
16/01/11,24.3
16/01/12,22.47
16/01/13,25.22
16/01/14,23.95
16/01/15,27.02
16/01/19,26.05
16/01/20,27.59
16/01/21,26.69
16/01/22,22.34
16/01/25,24.15
16/01/26,22.5
16/01/27,23.11
16/01/28,22.42
16/01/29,20.2
16/02/01,19.98
16/02/02,21.98
16/02/03,21.65
16/02/04,21.84
16/02/05,23.38
16/02/08,26.0
16/02/09,26.54
16/02/10,26.29
16/02/11,28.14
16/02/12,25.4
16/02/16,24.11
16/02/17,22.31
16/02/18,21.64
16/02/19,20.53
16/02/22,19.38
16/02/23,20.98
16/02/24,20.72
16/02/25,19.11
16/02/26,19.81
16/02/29,20.55
16/03/01,17.7
16/03/02,17.09
16/03/03,16.7
16/03/04,16.86
16/03/07,17.35
16/03/08,18.67
16/03/09,18.34
16/03/10,18.05
16/03/11,16.5
16/03/14,16.92
16/03/15,16.84
16/03/16,14.99
16/03/17,14.44
16/03/18,14.02
16/03/21,13.79
16/03/22,14.17
16/03/23,14.94
16/03/24,14.74
16/03/28,15.24
16/03/29,13.82
16/03/30,13.56
16/03/31,13.95
16/04/01,13.1
16/04/04,14.12
16/04/05,15.42
16/04/06,14.09
16/04/07,16.16
16/04/08,15.36
16/04/11,16.26
16/04/12,14.85
16/04/13,13.84
16/04/14,13.72
16/04/15,13.62
16/04/18,13.35
16/04/19,13.24
16/04/20,13.28
16/04/21,13.95
16/04/22,13.22
16/04/25,14.08
16/04/26,13.96
16/04/27,13.77
16/04/28,15.22
16/04/29,15.7
16/05/02,14.68
16/05/03,15.6
16/05/04,16.05
16/05/05,15.91
16/05/06,14.72
16/05/09,14.57
16/05/10,13.63
16/05/11,14.69
16/05/12,14.41
16/05/13,15.04
16/05/16,14.68
16/05/17,15.57
16/05/18,15.95
16/05/19,16.33
16/05/20,15.2
16/05/23,15.82
16/05/24,14.42
16/05/25,13.9
16/05/26,13.43
16/05/27,13.12
16/05/31,14.19
16/06/01,14.2
16/06/02,13.63
16/06/03,13.47
16/06/06,13.65
16/06/07,14.05
16/06/08,14.08
16/06/09,14.64
16/06/10,17.03
16/06/13,20.97
16/06/14,20.5
16/06/15,20.14
16/06/16,19.37
16/06/17,19.41
16/06/20,18.37
16/06/21,18.48
16/06/22,21.17
16/06/23,17.25
16/06/24,25.76
16/06/27,23.85
16/06/28,18.75
16/06/29,16.64
16/06/30,15.63
16/07/01,14.77
16/07/05,15.58
16/07/06,14.96
16/07/07,14.76
16/07/08,13.2
16/07/11,13.54
16/07/12,13.55
16/07/13,13.04
16/07/14,12.82
16/07/15,12.67
16/07/18,12.44
16/07/19,11.97
16/07/20,11.77
16/07/21,12.74
16/07/22,12.02
16/07/25,12.87
16/07/26,13.05
16/07/27,12.83
16/07/28,12.72
16/07/29,11.87
16/08/01,12.44
16/08/02,13.37
16/08/03,12.86
16/08/04,12.42
16/08/05,11.39
16/08/08,11.5
16/08/09,11.66
16/08/10,12.05
16/08/11,11.68
16/08/12,11.55
16/08/15,11.81
16/08/16,12.64
16/08/17,12.19
16/08/18,11.43
16/08/19,11.34
16/08/22,12.27
16/08/23,12.38
16/08/24,13.45
16/08/25,13.63
16/08/26,13.65
16/08/29,12.94
16/08/30,13.12
16/08/31,13.42
16/09/01,13.48
16/09/02,11.98
16/09/06,12.02
16/09/07,11.94
16/09/08,12.51
16/09/09,17.5
16/09/12,15.16
16/09/13,17.85
16/09/14,18.14
16/09/15,16.3
16/09/16,15.37
16/09/19,15.53
16/09/20,15.92
16/09/21,13.3
16/09/22,12.02
16/09/23,12.29
16/09/26,14.5
16/09/27,13.1
16/09/28,12.39
16/09/29,14.02
16/09/30,13.29
16/10/03,13.57
16/10/04,13.63
16/10/05,12.99
16/10/06,12.84
16/10/07,13.48
16/10/10,13.38
16/10/11,15.36
16/10/12,15.91
16/10/13,16.69
16/10/14,16.12
16/10/17,16.21
16/10/18,15.28
16/10/19,14.41
16/10/20,13.75
16/10/21,13.34
16/10/24,13.02
16/10/25,13.46
16/10/26,14.24
16/10/27,15.36
16/10/28,16.19
16/10/31,17.06
16/11/01,18.56
16/11/02,19.32
16/11/03,22.08
16/11/04,22.51
16/11/07,18.71
16/11/08,18.74
16/11/09,14.38
16/11/10,14.74
16/11/11,14.17
16/11/14,14.48
16/11/15,13.37
16/11/16,13.72
16/11/17,13.35
16/11/18,12.85
16/11/21,12.42
16/11/22,12.41
16/11/23,12.43
16/11/25,12.34
16/11/28,13.15
16/11/29,12.9
16/11/30,13.33
16/12/01,14.07
16/12/02,14.12
16/12/05,12.14
16/12/06,11.79
16/12/07,12.22
16/12/08,12.64
16/12/09,11.75
16/12/12,12.64
16/12/13,12.72
16/12/14,13.19
16/12/15,12.79
16/12/16,12.2
16/12/19,11.71
16/12/20,11.45
16/12/21,11.27
16/12/22,11.43
16/12/23,11.44
16/12/27,11.99
16/12/28,12.95
16/12/29,13.37
16/12/30,14.04
17/01/03,12.85
17/01/04,11.85
17/01/05,11.67
17/01/06,11.32
17/01/09,11.56
17/01/10,11.49
17/01/11,11.26
17/01/12,11.54
17/01/13,11.23
17/01/17,11.87
17/01/18,12.48
17/01/19,12.78
17/01/20,11.54
17/01/23,11.77
17/01/24,11.07
17/01/25,10.81
17/01/26,10.63
17/01/27,10.58
17/01/30,11.88
17/01/31,11.99
17/02/01,11.81
17/02/02,11.93
17/02/03,10.97
17/02/06,11.37
17/02/07,11.29
17/02/08,11.45
17/02/09,10.88
17/02/10,10.85
17/02/13,11.07
17/02/14,10.74
17/02/15,11.97
17/02/16,11.76
17/02/17,11.49
17/02/21,11.57
17/02/22,11.74
17/02/23,11.71
17/02/24,11.47
17/02/27,12.09
17/02/28,12.92
17/03/01,12.54
17/03/02,11.81
17/03/03,10.96
17/03/06,11.24
17/03/07,11.45
17/03/08,11.86
17/03/09,12.3
17/03/10,11.66
17/03/13,11.35
17/03/14,12.3
17/03/15,11.63
17/03/16,11.21
17/03/17,11.28
17/03/20,11.34
17/03/21,12.47
17/03/22,12.81
17/03/23,13.12
17/03/24,12.96
17/03/27,12.5
17/03/28,11.53
17/03/29,11.42
17/03/30,11.54
17/03/31,12.37
17/04/03,12.38
17/04/04,11.79
17/04/05,12.89
17/04/06,12.39
17/04/07,12.87
17/04/10,14.05
17/04/11,15.07
17/04/12,15.77
17/04/13,15.96
17/04/17,14.66
17/04/18,14.42
17/04/19,14.93
17/04/20,14.15
17/04/21,14.63
17/04/24,10.84
17/04/25,10.76
17/04/26,10.85
17/04/27,10.36
17/04/28,10.82
17/05/01,10.11
17/05/02,10.59
17/05/03,10.68
17/05/04,10.46
17/05/05,10.57
17/05/08,9.77
17/05/09,9.96
17/05/10,10.21
17/05/11,10.6
17/05/12,10.4
17/05/15,10.42
17/05/16,10.65
17/05/17,15.59
17/05/18,14.66
17/05/19,12.04
17/05/22,10.93
17/05/23,10.72
17/05/24,10.02
17/05/25,9.99
17/05/26,9.81
17/05/30,10.38
17/05/31,10.41
17/06/01,9.89
17/06/02,9.75
17/06/05,10.07
17/06/06,10.45
17/06/07,10.39
17/06/08,10.16
17/06/09,10.7
17/06/12,11.46
17/06/13,10.42
17/06/14,10.64
17/06/15,10.9
17/06/16,10.38
17/06/19,10.37
17/06/20,10.86
17/06/21,10.75
17/06/22,10.48
17/06/23,10.02
17/06/26,9.9
17/06/27,11.06
17/06/28,10.03
17/06/29,11.44
17/06/30,11.18
17/07/03,11.22
17/07/05,11.07
17/07/06,12.54
17/07/07,11.19
17/07/10,11.11
17/07/11,10.89
17/07/12,10.3
17/07/13,9.9
17/07/14,9.51
17/07/17,9.82
17/07/18,9.89
17/07/19,9.79
17/07/20,9.58
17/07/21,9.36
17/07/24,9.43
17/07/25,9.43
17/07/26,9.6
17/07/27,10.11
17/07/28,10.29
17/07/31,10.26
17/08/01,10.09
17/08/02,10.28
17/08/03,10.44
17/08/04,10.03
17/08/07,9.93
17/08/08,10.96
17/08/09,11.11
17/08/10,16.04
17/08/11,15.51
17/08/14,12.33
17/08/15,12.04
17/08/16,11.74
17/08/17,15.55
17/08/18,14.26
17/08/21,13.19
17/08/22,11.35
17/08/23,12.25
17/08/24,12.23
17/08/25,11.28
17/08/28,11.32
17/08/29,11.7
17/08/30,11.22
17/08/31,10.59
17/09/01,10.13
17/09/05,12.23
17/09/06,11.63
17/09/07,11.55
17/09/08,12.12
17/09/11,10.73
17/09/12,10.58
17/09/13,10.5
17/09/14,10.44
17/09/15,10.17
17/09/18,10.15
17/09/19,10.18
17/09/20,9.78
17/09/21,9.67
17/09/22,9.59
17/09/25,10.21
17/09/26,10.17
17/09/27,9.87
17/09/28,9.55
17/09/29,9.51
17/10/02,9.45
17/10/03,9.51
17/10/04,9.63
17/10/05,9.19
17/10/06,9.65
17/10/09,10.33
17/10/10,10.08
17/10/11,9.85
17/10/12,9.91
17/10/13,9.61
17/10/16,9.91
17/10/17,10.31
17/10/18,10.07
17/10/19,10.05
17/10/20,9.97
17/10/23,11.07
17/10/24,11.16
17/10/25,11.23
17/10/26,11.3
17/10/27,9.8
17/10/30,10.5
17/10/31,10.18
17/11/01,10.2
17/11/02,9.93
17/11/03,9.14
17/11/06,9.4
17/11/07,9.89
17/11/08,9.78
17/11/09,10.5
17/11/10,11.29
17/11/13,11.5
17/11/14,11.59
17/11/15,13.13
17/11/16,11.76
17/11/17,11.43
17/11/20,10.65
17/11/21,9.73
17/11/22,9.88
17/11/24,9.67
17/11/27,9.87
17/11/28,10.03
17/11/29,10.7
17/11/30,11.28
17/12/01,11.43
17/12/04,11.68
17/12/05,11.33
17/12/06,11.02
17/12/07,10.16
17/12/08,9.58
17/12/11,9.34
17/12/12,9.92
17/12/13,10.18
17/12/14,10.49
17/12/15,9.42
17/12/18,9.53
17/12/19,10.03
17/12/20,9.72
17/12/21,9.62
17/12/22,9.9
17/12/26,10.25
17/12/27,10.47
17/12/28,10.18
17/12/29,11.04
18/01/02,9.77
18/01/03,9.15
18/01/04,9.22
18/01/05,9.22
18/01/08,9.52
18/01/09,10.08
18/01/10,9.82
18/01/11,9.88
18/01/12,10.16
18/01/16,11.66
18/01/17,11.91
18/01/18,12.22
18/01/19,11.27
18/01/22,11.03
18/01/23,11.1
18/01/24,11.47
18/01/25,11.58
18/01/26,11.08
18/01/29,13.84
18/01/30,14.79
18/01/31,13.54
18/02/01,13.47
18/02/02,17.31
18/02/05,37.32
18/02/06,29.98
18/02/07,27.73
18/02/08,33.46
18/02/09,29.06
18/02/12,25.61
18/02/13,24.97
18/02/14,19.26
18/02/15,19.13
18/02/16,19.46
18/02/20,20.6
18/02/21,20.02
18/02/22,18.72
18/02/23,16.49
18/02/26,15.8
18/02/27,18.59
18/02/28,19.85
18/03/01,22.47
18/03/02,19.59
18/03/05,18.73
18/03/06,18.36
18/03/07,17.76
18/03/08,16.54
18/03/09,14.64
18/03/12,15.78
18/03/13,16.35
18/03/14,17.23
18/03/15,16.59
18/03/16,15.8
18/03/19,19.02
18/03/20,18.2
18/03/21,17.86
18/03/22,23.34
18/03/23,24.87
18/03/26,21.03
18/03/27,22.5
18/03/28,22.87
18/03/29,19.97
18/04/02,23.62
18/04/03,21.1
18/04/04,20.06
18/04/05,18.94
18/04/06,21.49
18/04/09,21.77
18/04/10,20.47
18/04/11,20.24
18/04/12,18.49
18/04/13,17.41
18/04/16,16.56
18/04/17,15.25
18/04/18,15.6
18/04/19,15.96
18/04/20,16.88
18/04/23,16.34
18/04/24,18.02
18/04/25,17.84
18/04/26,16.24
18/04/27,15.41
18/04/30,15.93
18/05/01,15.49
18/05/02,15.97
18/05/03,15.9
18/05/04,14.77
18/05/07,14.75
18/05/08,14.71
18/05/09,13.42
18/05/10,13.23
18/05/11,12.65
18/05/14,12.93
18/05/15,14.63
18/05/16,13.42
18/05/17,13.43
18/05/18,13.42
18/05/21,13.08
18/05/22,13.22
18/05/23,12.58
18/05/24,12.53
18/05/25,13.22
18/05/29,17.02
18/05/30,14.94
18/05/31,15.43
18/06/01,13.46
18/06/04,12.74
18/06/05,12.4
18/06/06,11.64
18/06/07,12.13
18/06/08,12.18
18/06/11,12.35
18/06/12,12.34
18/06/13,12.94
18/06/14,12.12
18/06/15,11.98
18/06/18,12.31
18/06/19,13.35
18/06/20,12.79
18/06/21,14.64
18/06/22,13.77
18/06/25,17.33
18/06/26,15.92
18/06/27,17.91
18/06/28,16.85
18/06/29,16.09
18/07/02,15.6
18/07/03,16.14
18/07/05,14.97
18/07/06,13.37
18/07/09,12.69
18/07/10,12.64
18/07/11,13.63
18/07/12,12.58
18/07/13,12.18
18/07/16,12.83
18/07/17,12.06
18/07/18,12.1
18/07/19,12.87
18/07/20,12.86
18/07/23,12.62
18/07/24,12.41
18/07/25,12.29
18/07/26,12.14
18/07/27,13.03
18/07/30,14.26
18/07/31,12.83
18/08/01,13.15
18/08/02,12.19
18/08/03,11.64
18/08/06,11.27
18/08/07,10.93
18/08/08,10.85
18/08/09,11.27
18/08/10,13.16
18/08/13,14.78
18/08/14,13.31
18/08/15,14.64
18/08/16,13.45
18/08/17,12.64
18/08/20,12.49
18/08/21,12.86
18/08/22,12.25
18/08/23,12.41
18/08/24,11.99
18/08/27,12.16
18/08/28,12.5
18/08/29,12.25
18/08/30,13.53
18/08/31,12.86
18/09/04,13.16
18/09/05,13.91
18/09/06,14.65
18/09/07,14.88
18/09/10,14.16
18/09/11,13.22
18/09/12,13.14
18/09/13,12.37
18/09/14,12.07
18/09/17,13.68
18/09/18,12.79
18/09/19,11.75
18/09/20,11.8
18/09/21,11.68
18/09/24,12.2
18/09/25,12.42
18/09/26,12.89
18/09/27,12.41
18/09/28,12.12
18/10/01,12.0
18/10/02,12.05
18/10/03,11.61
18/10/04,14.22
18/10/05,14.82
18/10/08,15.69
18/10/09,15.95
18/10/10,22.96
18/10/11,24.98
18/10/12,21.31
18/10/15,21.3
18/10/16,17.62
18/10/17,17.4
18/10/18,20.06
18/10/19,19.89
18/10/22,19.64
18/10/23,20.71
18/10/24,25.23
18/10/25,24.22
18/10/26,24.16
18/10/29,24.7
18/10/30,23.35
18/10/31,21.23
18/11/01,19.34
18/11/02,19.51
18/11/05,19.96
18/11/06,19.91
18/11/07,16.36
18/11/08,16.72
18/11/09,17.36
18/11/12,20.45
18/11/13,20.02
18/11/14,21.25
18/11/15,19.98
18/11/16,18.14
18/11/19,20.1
18/11/20,22.48
18/11/21,20.8
18/11/23,21.52
18/11/26,18.9
18/11/27,19.02
18/11/28,18.49
18/11/29,18.79
18/11/30,18.07
18/12/03,16.44
18/12/04,20.74
18/12/06,21.19
18/12/07,23.23
18/12/10,22.64
18/12/11,21.76
18/12/12,21.46
18/12/13,20.65
18/12/14,21.63
18/12/17,24.52
18/12/18,25.58
18/12/19,25.58
18/12/20,28.38
18/12/21,30.11
18/12/24,36.07
18/12/26,30.41
18/12/27,29.96
18/12/28,28.34
18/12/31,25.42
19/01/02,23.22
19/01/03,25.45
19/01/04,21.38
19/01/07,21.4
19/01/08,20.47
19/01/09,19.98
19/01/10,19.5
19/01/11,18.19
19/01/14,19.07
19/01/15,18.6
19/01/16,19.04
19/01/17,18.06
19/01/18,17.8
19/01/22,20.8
19/01/23,19.52
19/01/24,18.89
19/01/25,17.42
19/01/28,18.87
19/01/29,19.13
19/01/30,17.66
19/01/31,16.57
19/02/01,16.14
19/02/04,15.73
19/02/05,15.57
19/02/06,15.38
19/02/07,16.37
19/02/08,15.72
19/02/11,15.97
19/02/12,15.43
19/02/13,15.65
19/02/14,16.22
19/02/15,14.91
19/02/19,14.88
19/02/20,14.02
19/02/21,14.46
19/02/22,13.51
19/02/25,14.85
19/02/26,15.17
19/02/27,14.7
19/02/28,14.78
19/03/01,13.57
19/03/04,14.63
19/03/05,14.74
19/03/06,15.74
19/03/07,16.59
19/03/08,16.05
19/03/11,14.33
19/03/12,13.77
19/03/13,13.41
19/03/14,13.5
19/03/15,12.88
19/03/18,13.1
19/03/19,13.56
19/03/20,13.91
19/03/21,13.63
19/03/22,16.48
19/03/25,16.33
19/03/26,14.68
19/03/27,15.15
19/03/28,14.43
19/03/29,13.71
19/04/01,13.4
19/04/02,13.36
19/04/03,13.74
19/04/04,13.58
19/04/05,12.82
19/04/08,13.18
19/04/09,14.28
19/04/10,13.3
19/04/11,13.02
19/04/12,12.01
19/04/15,12.32
19/04/16,12.18
19/04/17,12.6
19/04/18,12.09
19/04/19,12.09
19/04/22,12.42
19/04/23,12.28
19/04/24,13.14
19/04/25,13.25
19/04/26,12.73
19/04/29,13.11
19/04/30,13.12
19/05/01,14.8
19/05/02,14.42
19/05/03,12.87
19/05/06,15.44
19/05/07,19.32
19/05/08,19.4
19/05/09,19.1
19/05/10,16.04
19/05/13,20.55
19/05/14,18.06
19/05/15,16.44
19/05/16,15.29
19/05/17,15.96
19/05/20,16.31
19/05/21,14.95
19/05/22,14.75
19/05/23,16.92
19/05/24,15.85
19/05/28,17.5
19/05/29,17.9
19/05/30,17.3
19/05/31,18.71
19/06/03,18.86
19/06/04,16.97
19/06/05,16.09
19/06/06,15.93
19/06/07,16.3
19/06/10,15.94
19/06/11,15.99
19/06/12,15.91
19/06/13,15.82
19/06/14,15.28
19/06/17,15.35
19/06/18,15.15
19/06/19,14.33
19/06/20,14.75
19/06/21,15.4
19/06/24,15.26
19/06/25,16.28
19/06/26,16.21
19/06/27,15.82
19/06/28,15.08
19/07/01,14.06
19/07/02,12.93
19/07/03,12.57
19/07/05,13.28
19/07/08,13.96
19/07/09,14.09
19/07/10,13.03
19/07/11,12.93
19/07/12,12.39
19/07/15,12.68
19/07/16,12.86
19/07/17,13.97
19/07/18,13.53
19/07/19,14.45
19/07/22,13.53
19/07/23,12.61
19/07/24,12.07
19/07/25,12.74
19/07/26,12.16
19/07/29,12.83
19/07/30,13.94
19/07/31,16.12
19/08/01,17.87
19/08/02,17.61
19/08/05,24.59
19/08/06,20.17
19/08/07,19.49
19/08/08,16.91
19/08/09,17.97
19/08/12,21.09
19/08/13,17.52
19/08/14,22.1
19/08/15,21.18
19/08/16,18.47
19/08/19,16.88
19/08/20,17.5
19/08/21,15.8
19/08/22,16.68
19/08/23,19.87
19/08/26,19.32
19/08/27,20.31
19/08/28,19.35
19/08/29,17.88
19/08/30,18.98
19/09/03,19.66
19/09/04,17.33
19/09/05,16.27
19/09/06,15.0
19/09/09,15.27
19/09/10,15.2
19/09/11,14.61
19/09/12,14.22
19/09/13,13.74
19/09/16,14.67
19/09/17,14.44
19/09/18,13.95
19/09/19,14.05
19/09/20,15.32
19/09/23,14.91
19/09/24,17.05
19/09/25,15.96
19/09/26,16.07
19/09/27,17.22
19/09/30,16.24
19/10/01,18.56
19/10/02,20.56
19/10/03,19.12
19/10/04,17.04
19/10/07,17.86
19/10/08,20.28
19/10/09,18.64
19/10/10,17.57
19/10/11,15.58
19/10/14,14.57
19/10/15,13.54
19/10/16,13.68
19/10/17,13.79
19/10/18,14.25
19/10/21,14.0
19/10/22,14.46
19/10/23,14.01
19/10/24,13.71
19/10/25,12.65
19/10/28,13.11
19/10/29,13.2
19/10/30,12.33
19/10/31,13.22
19/11/01,12.3
19/11/04,12.83
19/11/05,13.1
19/11/06,12.62
19/11/07,12.73
19/11/08,12.07
19/11/11,12.69
19/11/12,12.68
19/11/13,13.0
19/11/14,13.05
19/11/15,12.05
19/11/18,12.46
19/11/19,12.86
19/11/20,12.78
19/11/21,13.13
19/11/22,12.34
19/11/25,11.87
19/11/26,11.54
19/11/27,11.75
19/11/29,12.62
19/12/02,14.91
19/12/03,15.96
19/12/04,14.8
19/12/05,14.52
19/12/06,13.62
19/12/09,15.86
19/12/10,15.68
19/12/11,14.99
19/12/12,13.94
19/12/13,12.63
19/12/16,12.14
19/12/17,12.29
19/12/18,12.58
19/12/19,12.5
19/12/20,12.51
19/12/23,12.61
19/12/24,12.67
19/12/26,12.65
19/12/27,13.43
19/12/30,14.82
19/12/31,13.78
20/01/02,12.47
20/01/03,14.02
20/01/06,13.85
20/01/07,13.79
20/01/08,13.45
20/01/09,12.54
20/01/10,12.56
20/01/13,12.32
20/01/14,12.39
20/01/15,12.42
20/01/16,12.32
20/01/17,12.1
20/01/21,12.85
20/01/22,12.91
20/01/23,12.98
20/01/24,14.56
20/01/27,18.23
20/01/28,16.28
20/01/29,16.39
20/01/30,15.49
20/01/31,18.84
20/02/03,17.97
20/02/04,16.05
20/02/05,15.15
20/02/06,14.96
20/02/07,15.47
20/02/10,15.04
20/02/11,15.18
20/02/12,13.74
20/02/13,14.15
20/02/14,13.68
20/02/18,14.83
20/02/19,14.38
20/02/20,15.56
20/02/21,17.08
20/02/24,25.03
20/02/25,27.85
20/02/26,27.56
20/02/27,39.16
20/02/28,40.11
20/03/02,33.42
20/03/03,36.82
20/03/04,31.99
20/03/05,39.62
20/03/06,41.94
20/03/09,54.46
20/03/10,47.3
20/03/11,53.9
20/03/12,75.47
20/03/13,57.83
20/03/16,82.69
20/03/17,75.91
20/03/18,76.45
20/03/19,72.0
20/03/20,66.04
20/03/23,61.59
20/03/24,61.67
20/03/25,63.95
20/03/26,61.0
20/03/27,65.54
20/03/30,57.08
20/03/31,53.54
20/04/01,57.06
20/04/02,50.91
20/04/03,46.8
20/04/06,45.24
20/04/07,46.7
20/04/08,43.35
20/04/09,41.67
20/04/13,41.17
20/04/14,37.76
20/04/15,40.84
20/04/16,40.11
20/04/17,38.15
20/04/20,43.83
20/04/21,45.41
20/04/22,41.98
20/04/23,41.38
20/04/24,35.93
20/04/27,33.29
20/04/28,33.57
20/04/29,31.23
20/04/30,34.15
20/05/01,37.19
20/05/04,35.97
20/05/05,33.61
20/05/06,34.12
20/05/07,31.44
20/05/08,27.98
20/05/11,27.57
20/05/12,33.04
20/05/13,35.28
20/05/14,32.61
20/05/15,31.89
20/05/18,29.3
20/05/19,30.53
20/05/20,27.99
20/05/21,29.53
20/05/22,28.16
20/05/26,28.01
20/05/27,27.62
20/05/28,28.59
20/05/29,27.51
20/06/01,28.23
20/06/02,26.84
20/06/03,25.66
20/06/04,25.81
20/06/05,24.52
20/06/08,25.81
20/06/09,27.57
20/06/10,27.57
20/06/11,40.79
20/06/12,36.09
20/06/15,34.4
20/06/16,33.67
20/06/17,33.47
20/06/18,32.94
20/06/19,35.12
20/06/22,31.77
20/06/23,31.37
20/06/24,33.84
20/06/25,32.22
20/06/26,34.73
20/06/29,31.78
20/06/30,30.43
20/07/01,28.62
20/07/02,27.68
20/07/03,27.68
20/07/06,27.94
20/07/07,29.43
20/07/08,28.08
20/07/09,29.26
20/07/10,27.29
20/07/13,32.19
20/07/14,29.52
20/07/15,27.76
20/07/16,28.0
20/07/17,25.68
20/07/20,24.46
20/07/21,24.84
20/07/22,24.32
20/07/23,26.08
20/07/24,25.84
20/07/27,24.74
20/07/28,25.44
20/07/29,24.1
20/07/30,24.76
20/07/31,24.46
20/08/03,24.28
20/08/04,23.76
20/08/05,22.99
20/08/06,22.65
20/08/07,22.21
20/08/10,22.13
20/08/11,24.03
20/08/12,22.28
20/08/13,22.13
20/08/14,22.05
20/08/17,21.35
20/08/18,21.51
20/08/19,22.54
20/08/20,22.72
20/08/21,22.54
20/08/24,22.37
20/08/25,22.03
20/08/26,23.27
20/08/27,24.47
20/08/28,22.96
20/08/31,26.41
20/09/01,26.12
20/09/02,26.57
20/09/03,33.6
20/09/04,30.75
20/09/08,31.46
20/09/09,28.81
20/09/10,29.71
20/09/11,26.87
20/09/14,25.85
20/09/15,25.59
20/09/16,26.04
20/09/17,26.46
20/09/18,25.83
20/09/21,27.78
20/09/22,26.86
20/09/23,28.58
20/09/24,28.51
20/09/25,26.38
20/09/28,26.19
20/09/29,26.27
20/09/30,26.37
20/10/01,26.7
20/10/02,27.63
20/10/05,27.96
20/10/06,29.48
20/10/07,28.06
20/10/08,26.36
20/10/09,25.0
20/10/12,25.07
20/10/13,26.07
20/10/14,26.4
20/10/15,26.97
20/10/16,27.41
20/10/19,29.18
20/10/20,29.35
20/10/21,28.65
20/10/22,28.11
20/10/23,27.55
20/10/26,32.46
20/10/27,33.35
20/10/28,40.28
20/10/29,37.59
20/10/30,38.02
20/11/02,37.13
20/11/03,35.55
20/11/04,29.57
20/11/05,27.58
20/11/06,24.86
20/11/09,25.75
20/11/10,24.8
20/11/11,23.45
20/11/12,25.35
20/11/13,23.1
20/11/16,22.45
20/11/17,22.71
20/11/18,23.84
20/11/19,23.11
20/11/20,23.7
20/11/23,22.66
20/11/24,21.64
20/11/25,21.25
20/11/26,21.25
20/11/27,20.84
20/11/30,20.57
20/12/01,20.77
20/12/02,21.17
20/12/03,21.28
20/12/04,20.79
20/12/07,21.3
20/12/08,20.68
20/12/09,22.27
20/12/10,22.52
20/12/11,23.31
20/12/14,24.72
20/12/15,22.89
20/12/16,22.5
20/12/17,21.93
20/12/18,21.57
20/12/21,25.16
20/12/22,24.23
20/12/23,23.31
20/12/24,21.53
20/12/25,21.53
20/12/28,21.7
20/12/29,23.08
20/12/30,22.77
20/12/31,22.75
21/01/04,26.97
21/01/05,25.34
21/01/06,25.07
21/01/07,22.37
21/01/08,21.56
21/01/11,24.08
21/01/12,23.33
21/01/13,22.21
21/01/14,23.25
21/01/15,24.34
21/01/19,23.24
21/01/20,21.58
21/01/21,21.32
21/01/22,21.91
21/01/25,23.19
21/01/26,23.02
21/01/27,37.21
21/01/28,30.21
21/01/29,33.09
21/02/01,30.24
21/02/02,25.56
21/02/03,22.91
21/02/04,21.77
21/02/05,20.87
21/02/08,21.24
21/02/09,21.63
21/02/10,21.99
21/02/11,21.25
21/02/12,19.97
21/02/16,21.46
21/02/17,21.5
21/02/18,22.49
21/02/19,22.05
21/02/22,23.45
21/02/23,23.11
21/02/24,21.34
21/02/25,28.89
21/02/26,27.95
21/03/01,23.35
21/03/02,24.1
21/03/03,26.67
21/03/04,28.57
21/03/05,24.66
21/03/08,25.47
21/03/09,24.03
21/03/10,22.56
21/03/11,21.91
21/03/12,20.69
21/03/15,20.03
21/03/16,19.79
21/03/17,19.23
21/03/18,21.58
21/03/19,20.95
21/03/22,18.88
21/03/23,20.3
21/03/24,21.2
21/03/25,19.81
21/03/26,18.86
21/03/29,20.74
21/03/30,19.61
21/03/31,19.4
21/04/01,17.33
21/04/02,17.33
21/04/05,17.91
21/04/06,18.12
21/04/07,17.16
21/04/08,16.95
21/04/09,16.69
21/04/12,16.91
21/04/13,16.65
21/04/14,16.99
21/04/15,16.57
21/04/16,16.25
21/04/19,17.29
21/04/20,18.68
21/04/21,17.5
21/04/22,18.71
21/04/23,17.33
21/04/26,17.64
21/04/27,17.56
21/04/28,17.28
21/04/29,17.61
21/04/30,18.61
21/05/03,18.31
21/05/04,19.48
21/05/05,19.15
21/05/06,18.39
21/05/07,16.69
21/05/10,19.66
21/05/11,21.84
21/05/12,27.59
21/05/13,23.13
21/05/14,18.81
21/05/17,19.72
21/05/18,21.34
21/05/19,22.18
21/05/20,20.67
21/05/21,20.15
21/05/24,18.4
21/05/25,18.84
21/05/26,17.36
21/05/27,16.74
21/05/28,16.76
21/06/01,17.9
21/06/02,17.48
21/06/03,18.04
21/06/04,16.42
21/06/07,16.42
21/06/08,17.07
21/06/09,17.89
21/06/10,16.1
21/06/11,15.65
21/06/14,16.39
21/06/15,17.02
21/06/16,18.15
21/06/17,17.75
21/06/18,20.7
21/06/21,17.89
21/06/22,16.66
21/06/23,16.32
21/06/24,15.97
21/06/25,15.62
21/06/28,15.76
21/06/29,16.02
21/06/30,15.83
21/07/01,15.48
21/07/02,15.07
21/07/06,16.44
21/07/07,16.2
21/07/08,19.0
21/07/09,16.18
21/07/12,16.17
21/07/13,17.12
21/07/14,16.33
21/07/15,17.01
21/07/16,18.45
21/07/19,22.5
21/07/20,19.73
21/07/21,17.91
21/07/22,17.69
21/07/23,17.2
21/07/26,17.58
21/07/27,19.36
21/07/28,18.31
21/07/29,17.7
21/07/30,18.24
21/08/02,19.46
21/08/03,18.04
21/08/04,17.97
21/08/05,17.28
21/08/06,16.15
21/08/09,16.72
21/08/10,16.79
21/08/11,16.06
21/08/12,15.59
21/08/13,15.45
21/08/16,16.12
21/08/17,17.91
21/08/18,21.57
21/08/19,21.67
21/08/20,18.56
21/08/23,17.15
21/08/24,17.22
21/08/25,16.79
21/08/26,18.84
21/08/27,16.39
21/08/30,16.19
21/08/31,16.48
21/09/01,16.11
21/09/02,16.41
21/09/03,16.41
21/09/07,18.14
21/09/08,17.96
21/09/09,18.8
21/09/10,20.95
21/09/13,19.37
21/09/14,19.46
21/09/15,18.18
21/09/16,18.69
21/09/17,20.81
21/09/20,25.71
21/09/21,24.36
21/09/22,20.87
21/09/23,18.63
21/09/24,17.75
21/09/27,18.76
21/09/28,23.25
21/09/29,22.56
21/09/30,23.14
21/10/01,21.15
21/10/04,22.96
21/10/05,21.3
21/10/06,21.0
21/10/07,19.54
21/10/08,18.77
21/10/11,20.0
21/10/12,19.85
21/10/13,18.64
21/10/14,16.86
21/10/15,16.3
21/10/18,16.31
21/10/19,15.7
21/10/20,15.49
21/10/21,15.01
21/10/22,15.43
21/10/25,15.24
21/10/26,15.98
21/10/27,16.98
21/10/28,16.53
21/10/29,16.26
21/11/01,16.41
21/11/02,16.03
21/11/03,15.1
21/11/04,15.44
21/11/05,16.48
21/11/08,17.22
21/11/09,17.78
21/11/10,18.73
21/11/11,17.66
21/11/12,16.29
21/11/15,16.49
21/11/16,16.37
21/11/17,17.11
21/11/18,17.59
21/11/19,17.91
21/11/22,19.17
21/11/23,19.38
21/11/24,18.58
21/11/25,18.58
21/11/26,28.62
21/11/29,22.96
21/11/30,27.19
21/12/01,31.12
21/12/02,27.95
21/12/03,30.67
21/12/06,27.18
21/12/07,21.89
21/12/08,19.9
21/12/09,21.58
21/12/10,18.69
21/12/13,20.31
21/12/14,21.89
21/12/15,19.29
21/12/16,20.57
21/12/17,21.57
21/12/20,22.87
21/12/21,21.01
21/12/22,18.63
21/12/23,17.96
21/12/24,17.96
21/12/27,17.68
21/12/28,17.54
21/12/29,16.95
21/12/30,17.33
21/12/31,17.22
22/01/03,16.6
22/01/04,16.91
22/01/05,19.73
22/01/06,19.61
22/01/07,18.76
22/01/10,19.4
22/01/11,18.41
22/01/12,17.62
22/01/13,20.31
22/01/14,19.19
22/01/18,22.79
22/01/19,23.85
22/01/20,25.59
22/01/21,28.85
22/01/24,29.9
22/01/25,31.16
22/01/26,31.96
22/01/27,30.49
22/01/28,27.66
22/01/31,24.83
22/02/01,21.96
22/02/02,22.09
22/02/03,24.35
22/02/04,23.22
22/02/07,22.86
22/02/08,21.44
22/02/09,19.96
22/02/10,23.91
22/02/11,27.36
22/02/14,28.33
22/02/15,25.7
22/02/16,24.29
22/02/17,28.11
22/02/18,27.75
22/02/22,28.81
22/02/23,31.02
22/02/24,30.32
22/02/25,27.59
22/02/28,30.15
22/03/01,33.32
22/03/02,30.74
22/03/03,30.48
22/03/04,31.98
22/03/07,36.45
22/03/08,35.13
22/03/09,32.45
22/03/10,30.23
22/03/11,30.75
22/03/14,31.77
22/03/15,29.83
22/03/16,26.67
22/03/17,25.67
22/03/18,23.87
22/03/21,23.53
22/03/22,22.94
22/03/23,23.57
22/03/24,21.67
22/03/25,20.81
22/03/28,19.63
22/03/29,18.9
22/03/30,19.33
22/03/31,20.56
